team1,team2,team1_score,team2_score,team1_raids_total,team2_raids_total,team1_tackle_total,team2_tackle_total,team1_tackles_unsuccessful,team2_tackles_unsuccessful,team1_raids_unsuccessful,team2_raids_unsuccessful,team1_super_raids,team2_super_raids,team1_super_tackles,team2_super_tackles,toss_winner,toss_selection,home_team_id,home_team_name,winner
Jaipur Pink Panthers,U Mumba,28,44,40,40,24,32,23,22,10,4,,,,,5,Choice of court :Right,5,U Mumba,U Mumba
Dabang Delhi K.C.,Bengal Warriors,39,40,44,45,27,32,19,21,12,9,,,,,2,Choice of court :Left,4,Bengal Warriors,Bengal Warriors
Dabang Delhi,Patna Pirates,45,26,45,44,25,28,12,22,7,14,,,,,6,Choice of court :Left,,,Dabang Delhi
Dabang Delhi,Jaipur Pink Panthers,21,51,39,40,33,21,27,9,13,6,,,,,3,Choice of court :Left,,,Jaipur Pink Panthers
Jaipur Pink Panthers,Puneri Paltan,31,18,44,44,21,21,9,15,6,12,,,,,7,Choice of court :Left,,,Jaipur Pink Panthers
Dabang Delhi,Telugu Titans,45,45,44,44,35,35,28,28,8,7,,,,,8,Choice of court :Right,,,Match Tied
Bengaluru Bulls,U Mumba,29,36,49,48,20,30,11,12,18,10,,,,,1,Choice of court :Right,,,U Mumba
Bengal Warriors,Puneri Paltan,31,28,46,46,19,20,10,11,10,13,,,,,7,Choice of court :Left,,,Bengal Warriors
Haryana Steelers,Gujarat Fortunegiants,27,27,45,44,20,19,12,11,9,8,1,0,1,1,28,Choice of court :Left,28,Haryana Steelers,Match Tied
Bengaluru Bulls,Jaipur Pink Panthers,25,27,52,53,16,23,9,11,12,9,,,,,3,Choice of court :Left,,,Jaipur Pink Panthers
Bengal Warriors,Patna Pirates,32,34,47,47,25,25,18,16,9,8,,,,,4,Choice of court :Right,,,Patna Pirates
Bengaluru Bulls,Dabang Delhi,40,21,47,46,22,24,8,18,6,14,,,,,2,Choice of court :Left,,,Bengaluru Bulls
Patna Pirates,U Mumba,27,32,48,49,26,22,15,11,11,11,,,,,6,Choice of court :Right,,,U Mumba
Patna Pirates,Telugu Titans,34,35,40,41,23,28,19,23,5,8,,,,,8,Choice of court :Left,,,Patna Pirates
Bengaluru Bulls,Telugu Titans,43,29,52,52,30,26,15,18,9,18,,,,,1,Choice of court :Left,,,Bengaluru Bulls
Puneri Paltan,Dabang Delhi,33,28,40,40,23,24,12,17,8,11,,,,,2,Choice of court :Left,,,Puneri Paltan
Jaipur Pink Panthers,Bengal Warriors,38,39,43,39,22,33,19,20,13,5,,,,,4,Choice of court :Left,,,Bengal Warriors
Puneri Paltan,U Mumba,34,39,43,43,27,27,17,13,14,12,,,,,7,Choice of court :Right,,,U Mumba
U Mumba,Telugu Titans,25,46,43,43,30,27,25,15,13,5,,,,,5,Choice of court :Right,,,Telugu Titans
Puneri Paltan,Patna Pirates,21,38,43,44,21,18,14,5,15,9,,,,,7,Choice of court :Right,,,Patna Pirates
Patna Pirates,Jaipur Pink Panthers,26,24,42,43,19,18,6,9,9,14,,,,,3,Choice of court :Left,,,Patna Pirates
Puneri Paltan,Bengaluru Bulls,30,31,48,47,23,24,15,17,9,8,,,,,7,Choice of court :Left,,,Bengaluru Bulls
Telugu Titans,Bengaluru Bulls,38,39,52,52,28,27,19,14,15,9,,,,,8,Choice of court :Right,,,Bengaluru Bulls
U Mumba,Patna Pirates,35,18,50,50,24,19,8,12,7,16,,,,,6,Choice of court :Right,,,U Mumba
Bengal Warriors,Puneri Paltan,37,34,40,39,29,30,21,22,8,9,,,,,7,Choice of court :Right,4,Bengal Warriors,Bengal Warriors
Patna Pirates,Telugu Titans,26,34,46,46,24,20,17,13,9,7,,,,,6,Choice of court :Right,,,Telugu Titans
U Mumba,Bengaluru Bulls,36,30,52,51,29,26,15,16,10,14,,,,,5,Choice of court :Right,,,U Mumba
Telugu Titans,U Mumba,25,27,40,40,17,23,11,16,8,7,,,,,5,Choice of court :Left,,,U Mumba
Dabang Delhi,Bengaluru Bulls,29,35,42,42,21,27,16,16,11,7,,,,,2,Choice of court :Right,,,Bengaluru Bulls
Jaipur Pink Panthers,U Mumba,27,18,39,39,18,19,8,10,9,11,,,,,5,Choice of court :Left,,,Jaipur Pink Panthers
Telugu Titans,Puneri Paltan,27,26,43,43,19,19,11,9,11,10,0,0,2,1,7,Choice of court :Left,,,Telugu Titans
Patna Pirates,Jaipur Pink Panthers,29,28,39,40,22,20,12,14,9,10,,,,,6,Choice of court :Left,,,Patna Pirates
Telugu Titans,Dabang Delhi,45,34,42,43,32,26,20,22,4,13,1,1,1,0,2,Choice of court :Left,,,Telugu Titans
Telugu Titans,Bengal Warriors,17,25,41,41,16,16,9,6,11,7,0,0,0,0,4,Choice of court :Left,,,Bengal Warriors
Bengaluru Bulls,Patna Pirates,24,33,43,42,21,24,16,14,11,5,,,,,1,Choice of court :Right,,,Patna Pirates
Jaipur Pink Panthers,Patna Pirates,35,18,39,39,16,20,9,17,3,12,,,,,3,Choice of court :Right,,,Jaipur Pink Panthers
Dabang Delhi,Puneri Paltan,20,38,41,41,25,24,20,11,13,5,,,,,7,Choice of court :Left,,,Puneri Paltan
Bengaluru Bulls,Bengal Warriors,24,34,41,42,24,20,17,11,10,8,,,,,1,Choice of court :Right,,,Bengal Warriors
Dabang Delhi,U Mumba,17,30,40,41,21,16,12,5,13,9,,,,,2,Choice of court :Right,,,U Mumba
Bengaluru Bulls,Jaipur Pink Panthers,36,26,43,44,22,18,11,14,5,12,,,,,1,Choice of court :Left,,,Bengaluru Bulls
U Mumba,Patna Pirates,26,40,43,43,24,28,18,14,16,6,,,,,5,Choice of court :Right,,,Patna Pirates
Bengaluru Bulls,Telugu Titans,26,35,41,40,17,27,11,16,11,7,0,0,0,2,1,Choice of court :Left,,,Telugu Titans
Bengal Warriors,Puneri Paltan,33,28,40,40,17,22,8,16,7,11,,,,,7,Choice of court :Left,,,Bengal Warriors
Jaipur Pink Panthers,Dabang Delhi,39,34,40,39,20,26,12,18,8,11,,,,,3,Choice of court :Left,,,Jaipur Pink Panthers
Patna Pirates,Telugu Titans,29,25,40,41,25,19,16,15,4,9,1,0,0,0,8,Choice of court :Left,,,Patna Pirates
Bengal Warriors,Dabang Delhi,34,17,41,41,16,19,7,13,6,13,,,,,4,Choice of court :Right,,,Bengal Warriors
Bengal Warriors,U Mumba,28,38,37,37,30,25,25,17,8,6,,,,,5,Choice of court :Right,4,Bengal Warriors,U Mumba
Bengal Warriors,Patna Pirates,31,36,42,42,29,23,20,15,8,10,,,,,6,Choice of court :Left,,,Patna Pirates
U Mumba,Bengaluru Bulls,29,28,42,42,24,16,13,7,10,11,,,,,5,Choice of court :Right,,,U Mumba
Bengal Warriors,Jaipur Pink Panthers,34,20,43,42,18,19,8,15,6,13,,,,,3,Choice of court :Left,,,Bengal Warriors
Puneri Paltan,Patna Pirates,30,30,45,44,25,23,15,14,10,10,,,,,6,Choice of court :Left,,,Match Tied
Patna Pirates,Dabang Delhi,47,34,44,44,30,25,19,20,6,11,,,,,6,Choice of court :Right,,,Patna Pirates
Puneri Paltan,Jaipur Pink Panthers,32,32,41,42,24,25,16,18,7,9,,,,,7,Choice of court :Right,,,Match Tied
Jaipur Pink Panthers,Telugu Titans,25,27,41,42,21,16,13,7,9,8,0,0,3,1,3,Choice of court :Right,,,Telugu Titans
Puneri Paltan,U Mumba,27,29,42,43,19,19,12,10,10,9,,,,,7,Choice of court :Right,,,U Mumba
U Mumba,Bengal Warriors,32,21,40,40,16,16,6,13,4,12,,,,,5,Choice of court :Right,,,U Mumba
Puneri Paltan,Bengaluru Bulls,29,27,40,40,25,17,15,11,6,10,,,,,1,Choice of court :Right,,,Puneri Paltan
Dabang Delhi K.C.,Telugu Titans,34,36,41,41,30,28,21,19,11,9,,,,,8,Choice of court :Right,2,Dabang Delhi K.C.,Telugu Titans
Patna Pirates,Bengal Warriors,32,27,45,44,23,22,14,14,8,10,,,,,4,Choice of court :Left,,,Patna Pirates
Telugu Titans,Jaipur Pink Panthers,26,35,46,47,18,21,13,9,14,8,,,,,8,Choice of court :Right,,,Jaipur Pink Panthers
Patna Pirates,Bengaluru Bulls,36,32,43,42,29,18,20,13,6,10,,,,,1,Choice of court :Left,,,Patna Pirates
Bengaluru Bulls,Dabang Delhi,21,35,44,45,19,23,13,9,15,8,,,,,2,Choice of court :Left,,,Dabang Delhi
Patna Pirates,Puneri Paltan,28,28,44,44,22,23,12,12,12,11,,,,,6,Choice of court :Right,,,Match Tied
Bengal Warriors,Telugu Titans,32,28,48,47,20,21,9,14,8,13,,,,,8,Choice of court :Left,,,Bengal Warriors
Patna Pirates,U Mumba,28,34,43,43,18,24,10,11,13,9,,,,,5,Choice of court :Left,,,U Mumba
Jaipur Pink Panthers,Bengaluru Bulls,30,21,41,40,17,21,9,15,7,10,,,,,1,Choice of court :Right,,,Jaipur Pink Panthers
Puneri Paltan,Dabang Delhi,32,22,50,49,23,21,8,13,10,15,,,,,2,Choice of court :Right,,,Puneri Paltan
Telugu Titans,Bengaluru Bulls,40,22,46,45,27,17,16,14,4,12,,,,,1,Choice of court :Left,,,Telugu Titans
Bengaluru Bulls,Puneri Paltan,30,31,41,40,20,28,13,18,12,8,,,,,7,Choice of court :Left,,,Puneri Paltan
Jaipur Pink Panthers,Puneri Paltan,18,33,42,41,13,25,10,8,17,5,,,,,3,Choice of court :Left,,,Puneri Paltan
Jaipur Pink Panthers,Bengal Warriors,18,34,43,44,21,17,13,3,14,9,,,,,3,Choice of court :Right,,,Bengal Warriors
Bengal Warriors,U Mumba,17,30,43,43,19,17,11,5,13,9,,,,,4,Choice of court :Left,,,U Mumba
Jaipur Pink Panthers,Patna Pirates,24,47,45,45,23,24,16,10,15,8,,,,,3,Choice of court :Left,,,Patna Pirates
Dabang Delhi,Telugu Titans,36,44,47,48,31,26,25,16,10,6,,,,,2,Choice of court :Right,,,Telugu Titans
Diler Delhi,Mumbai Che Raje,56,35,41,41,33,32,17,25,7,16,3,2,1,0,238,Choice of court :Left,,,Diler Delhi
Chennai Challengers,Telugu Bulls,51,29,44,44,26,35,12,28,7,14,3,0,0,1,241,Choice of court :Left,,,Chennai Challengers
Haryana Heros,Bangalore Rhinos,41,47,44,44,32,35,22,22,15,10,3,1,2,0,243,Choice of court :Left,,,Bangalore Rhinos
Bengaluru Bulls,U Mumba,18,39,43,43,22,20,17,6,15,6,,,,,5,Choice of court :Left,,,U Mumba
Pune Pride,Pondicherry Predators,47,36,44,43,33,30,21,24,6,12,1,1,3,1,236,Choice of court :Left,236,Pune Pride,Pune Pride
Chennai Challengers,Mumbai Che Raje,34,34,42,43,24,22,14,11,13,10,0,1,6,1,239,Choice of court :Left,,,Match Tied
Pondicherry Predators,Bangalore Rhinos,40,31,42,42,28,27,18,18,9,10,2,0,0,0,240,Choice of court :Right,,,Pondicherry Predators
Diler Delhi,Chennai Challengers,49,37,45,45,31,32,17,24,8,14,0,2,0,1,239,Choice of court :Right,,,Diler Delhi
Diler Delhi,Mumbai Che Raje,45,36,47,48,30,33,15,20,13,17,2,0,1,2,242,Choice of court :Right,,,Diler Delhi
Dabang Delhi,Patna Pirates,34,67,50,50,40,35,34,15,21,6,,,,,2,Choice of court :Right,,,Patna Pirates
Chennai Challengers,Telugu Bulls,33,32,44,43,25,25,13,11,14,13,0,0,1,0,239,Choice of court :Left,,,Chennai Challengers
Puneri Paltan,Telugu Titans,41,24,48,47,32,16,15,12,4,19,,,,,7,Choice of court :Right,,,Puneri Paltan
Dabang Delhi,Jaipur Pink Panthers,21,21,44,45,19,15,8,7,8,11,,,,,3,Choice of court :Left,,,Match Tied
Telugu Titans,U Mumba,25,31,40,40,24,17,15,7,11,9,0,0,1,0,5,Choice of court :Left,8,Telugu Titans,U Mumba
Bengaluru Bulls,Patna Pirates,34,32,42,42,23,23,13,12,11,10,0,0,5,1,6,Choice of court :Left,,,Bengaluru Bulls
Bengaluru Bulls,Gujarat Fortunegiants,24,42,39,39,20,24,16,7,17,5,1,1,2,0,31,Choice of court :Left,,,Gujarat Fortunegiants
Telugu Titans,Tamil Thalaivas,26,39,42,42,24,23,16,9,14,8,0,1,0,1,8,Choice of court :Right,8,Telugu Titans,Tamil Thalaivas
U Mumba,Jaipur Pink Panthers,23,42,41,41,27,23,23,12,11,4,0,0,1,0,5,Choice of court :Right,,,Jaipur Pink Panthers
Bengaluru Bulls,Puneri Paltan,27,44,47,47,29,22,23,12,11,6,,,,,1,Choice of court :Right,,,Puneri Paltan
Puneri Paltan,Haryana Steelers,24,34,41,41,24,25,15,12,13,9,0,1,1,1,7,Choice of court :Right,,,Haryana Steelers
U.P. Yoddha,Bengal Warriors,17,48,41,40,27,20,22,6,15,6,0,1,0,0,30,Choice of court :Right,,,Bengal Warriors
Telugu Titans,Dabang Delhi K.C.,33,34,39,39,20,24,16,18,6,4,1,0,2,1,2,Choice of court :Left,8,Telugu Titans,Dabang Delhi K.C.
Dabang Delhi K.C.,Tamil Thalaivas,30,29,38,37,18,21,10,11,11,9,0,0,2,2,29,Choice of court :Left,,,Dabang Delhi K.C.
U.P. Yoddha,Gujarat Fortunegiants,19,44,41,40,27,18,22,4,15,5,0,1,0,0,30,Choice of court :Right,,,Gujarat Fortunegiants
Telugu Titans,Patna Pirates,22,34,39,39,17,22,10,8,14,8,0,0,2,2,6,Choice of court :Left,8,Telugu Titans,Patna Pirates
U Mumba,Puneri Paltan,33,23,40,39,18,22,8,14,8,12,0,0,2,3,5,Choice of court :Left,5,U Mumba,U Mumba
Jaipur Pink Panthers,Bengal Warriors,27,25,43,42,21,20,11,12,9,10,0,0,0,3,3,Choice of court :Left,,,Jaipur Pink Panthers
Dabang Delhi K.C.,Haryana Steelers,41,21,37,36,20,23,12,19,5,10,0,0,1,0,28,Choice of court :Right,,,Dabang Delhi K.C.
U Mumba,Bengaluru Bulls,26,30,39,40,16,18,12,12,8,8,0,0,1,2,5,Choice of court :Left,5,U Mumba,Bengaluru Bulls
U Mumba,Puneri Paltan,41,25,39,39,21,24,12,20,5,12,,,,,7,Choice of court :Right,,,U Mumba
Dabang Delhi,Bengal Warriors,31,37,44,45,23,23,19,18,5,4,,,,,2,Choice of court :Right,,,Bengal Warriors
Tamil Thalaivas,Patna Pirates,23,24,39,39,15,18,6,9,11,11,0,0,2,4,6,Choice of court :Right,,,Patna Pirates
Bengal Warriors,Puneri Paltan,43,23,39,39,22,27,11,20,7,12,3,0,1,2,4,Choice of court :Left,,,Bengal Warriors
Haryana Steelers,Jaipur Pink Panthers,21,37,42,41,24,23,15,9,15,9,0,0,0,0,28,Choice of court :Left,,,Jaipur Pink Panthers
U Mumba,U.P. Yoddha,23,27,39,39,19,19,10,6,14,10,0,0,2,0,30,Choice of court :Right,5,U Mumba,U.P. Yoddha
Gujarat Fortunegiants,Dabang Delhi K.C.,31,26,39,39,23,19,13,11,9,10,0,0,0,1,2,Choice of court :Right,,,Gujarat Fortunegiants
Telugu Titans,U.P. Yoddha,20,20,43,43,14,18,4,7,11,10,0,0,0,2,30,Choice of court :Right,,,Match Tied
U Mumba,Gujarat Fortunegiants,32,20,39,39,20,21,10,15,7,11,2,0,2,2,5,Choice of court :Left,5,U Mumba,U Mumba
Patna Pirates,Jaipur Pink Panthers,21,34,40,40,18,24,12,9,16,7,0,0,1,2,6,Choice of court :Right,6,Patna Pirates,Jaipur Pink Panthers
Bengal Warriors,Bengaluru Bulls,42,43,40,40,33,31,27,23,8,7,0,1,1,0,1,Choice of court :Left,,,Bengaluru Bulls
Haryana Steelers,Tamil Thalaivas,28,35,42,42,26,21,17,11,11,9,0,0,1,0,28,Choice of court :Right,,,Tamil Thalaivas
U Mumba,Jaipur Pink Panthers,35,21,43,42,18,22,8,15,7,10,,,,,3,Choice of court :Left,,,U Mumba
Patna Pirates,Puneri Paltan,20,41,42,42,22,26,15,9,18,7,1,1,0,0,7,Choice of court :Left,,,Puneri Paltan
Dabang Delhi K.C.,Jaipur Pink Panthers,35,24,37,38,24,21,16,18,4,10,1,1,0,0,2,Choice of court :Right,,,Dabang Delhi K.C.
Gujarat Fortunegiants,Puneri Paltan,31,33,39,40,19,32,12,20,13,7,0,0,1,1,31,Choice of court :Right,,,Puneri Paltan
U.P. Yoddha,Tamil Thalaivas,28,28,39,39,20,21,10,11,11,11,0,0,2,0,29,Choice of court :Left,,,Match Tied
Patna Pirates,Haryana Steelers,26,35,42,43,20,26,15,15,11,5,1,1,1,1,28,Choice of court :Left,6,Patna Pirates,Haryana Steelers
Telugu Titans,Bengaluru Bulls,26,47,40,40,23,28,14,15,13,9,1,1,1,6,8,Choice of court :Right,,,Bengaluru Bulls
Bengal Warriors,U Mumba,32,30,39,40,21,22,11,12,11,10,1,0,0,0,5,Choice of court :Left,,,Bengal Warriors
Patna Pirates,U.P. Yoddha,41,20,40,39,24,19,9,15,5,16,0,0,1,1,30,Choice of court :Left,6,Patna Pirates,Patna Pirates
Gujarat Fortunegiants,Tamil Thalaivas,28,34,42,43,20,23,12,11,13,9,0,1,1,1,29,Choice of court :Right,31,Gujarat Fortunegiants,Tamil Thalaivas
Puneri Paltan,Dabang Delhi K.C.,30,32,43,42,22,23,16,14,10,6,0,0,1,0,7,Choice of court :Left,,,Dabang Delhi K.C.
Telugu Titans,Patna Pirates,42,41,44,45,29,32,24,25,7,8,,,,,6,Choice of court :Left,,,Telugu Titans
Bengaluru Bulls,Haryana Steelers,30,33,41,41,22,25,13,14,11,11,0,0,0,1,1,Choice of court :Left,,,Haryana Steelers
Gujarat Fortunegiants,Telugu Titans,24,30,40,39,16,24,8,8,16,9,0,0,0,0,31,Choice of court :Left,31,Gujarat Fortunegiants,Telugu Titans
Bengal Warriors,Telugu Titans,29,29,38,39,18,20,8,10,11,11,0,0,1,0,4,Choice of court :Right,,,Match Tied
U.P. Yoddha,Bengaluru Bulls,35,33,42,42,25,24,11,14,10,14,0,0,1,0,1,Choice of court :Right,,,U.P. Yoddha
U.P. Yoddha,Haryana Steelers,33,36,41,42,24,22,14,10,12,10,0,0,0,0,30,Choice of court :Left,,,Haryana Steelers
Gujarat Fortunegiants,Bengal Warriors,26,28,40,40,21,17,15,10,9,6,0,0,5,0,4,Choice of court :Right,31,Gujarat Fortunegiants,Bengal Warriors
Jaipur Pink Panthers,Puneri Paltan,33,25,39,39,23,21,10,16,5,13,0,0,0,3,3,Choice of court :Left,,,Jaipur Pink Panthers
U Mumba,Patna Pirates,34,30,42,41,20,23,15,16,8,6,1,0,2,1,5,Choice of court :Left,,,U Mumba
Gujarat Fortunegiants,Jaipur Pink Panthers,19,22,38,39,14,20,5,7,13,11,0,0,0,0,31,Choice of court :Left,31,Gujarat Fortunegiants,Jaipur Pink Panthers
Tamil Thalaivas,Bengaluru Bulls,21,32,41,40,19,20,13,11,10,6,0,0,0,1,29,Choice of court :Left,29,Tamil Thalaivas,Bengaluru Bulls
U Mumba,Puneri Paltan,30,27,42,43,19,22,10,12,10,9,,,,,5,Choice of court :Right,,,U Mumba
Bengal Warriors,Dabang Delhi K.C.,30,30,38,38,20,20,14,14,7,7,1,0,1,1,2,Choice of court :Right,,,Match Tied
Haryana Steelers,Telugu Titans,29,40,41,41,23,28,20,18,11,4,1,0,0,0,8,Choice of court :Right,,,Telugu Titans
Tamil Thalaivas,Puneri Paltan,31,31,44,45,21,25,11,14,11,11,1,0,0,1,7,Choice of court :Right,29,Tamil Thalaivas,Match Tied
U Mumba,Haryana Steelers,27,30,39,39,21,18,13,11,9,8,0,1,2,2,28,Choice of court :Right,,,Haryana Steelers
U.P. Yoddha,Jaipur Pink Panthers,31,24,42,41,22,21,12,15,6,10,0,1,1,3,30,Choice of court :Left,,,U.P. Yoddha
Puneri Paltan,Bengaluru Bulls,31,23,41,41,32,18,16,12,7,16,0,0,0,0,1,Choice of court :Right,,,Puneri Paltan
Tamil Thalaivas,Jaipur Pink Panthers,26,28,42,42,12,23,6,15,9,7,0,0,0,3,29,Choice of court :Left,29,Tamil Thalaivas,Jaipur Pink Panthers
Bengal Warriors,Patna Pirates,35,26,42,42,25,20,14,15,5,11,0,0,0,1,6,Choice of court :Right,,,Bengal Warriors
Gujarat Fortunegiants,Patna Pirates,29,26,43,42,23,19,12,11,8,11,0,1,0,1,31,Choice of court :Left,,,Gujarat Fortunegiants
Tamil Thalaivas,U Mumba,24,29,39,39,19,22,13,12,12,8,0,0,0,1,29,Choice of court :Left,29,Tamil Thalaivas,U Mumba
Bengal Warriors,Bengaluru Bulls,26,22,51,50,20,21,10,13,10,10,,,,,4,Choice of court :Right,,,Bengal Warriors
Dabang Delhi K.C.,Bengaluru Bulls,33,31,43,42,24,19,14,9,10,10,0,0,0,0,2,Choice of court :Right,2,Dabang Delhi K.C.,Dabang Delhi K.C.
Jaipur Pink Panthers,Telugu Titans,21,24,39,40,15,15,6,3,12,9,0,0,5,3,3,Choice of court :Right,,,Telugu Titans
Jaipur Pink Panthers,Bengaluru Bulls,30,41,44,44,25,25,15,9,16,13,0,1,2,0,1,Choice of court :Left,,,Bengaluru Bulls
Dabang Delhi K.C.,U.P. Yoddha,36,27,42,42,22,23,12,15,8,11,0,1,0,1,30,Choice of court :Left,2,Dabang Delhi K.C.,Dabang Delhi K.C.
Bengal Warriors,Haryana Steelers,33,36,40,40,24,28,19,21,7,6,1,1,0,1,4,Choice of court :Right,,,Haryana Steelers
U.P. Yoddha,Puneri Paltan,35,30,44,44,23,27,13,20,8,10,0,0,0,1,7,Choice of court :Left,,,U.P. Yoddha
Gujarat Fortunegiants,Haryana Steelers,25,41,41,41,25,26,19,12,14,6,0,2,2,0,28,Choice of court :Left,,,Haryana Steelers
Dabang Delhi K.C.,U Mumba,40,24,41,42,23,24,7,16,8,16,0,0,0,2,5,Choice of court :Left,2,Dabang Delhi K.C.,Dabang Delhi K.C.
Bengal Warriors,Tamil Thalaivas,35,26,43,43,22,26,12,20,6,10,0,1,0,0,4,Choice of court :Right,,,Bengal Warriors
Telugu Titans,Puneri Paltan,27,34,45,45,21,20,11,6,14,10,0,1,7,0,7,Choice of court :Left,,,Puneri Paltan
U Mumba,Telugu Titans,38,22,41,41,21,21,11,19,3,11,,,,,8,Choice of court :Right,,,U Mumba
Dabang Delhi K.C.,Patna Pirates,38,35,41,41,29,21,18,14,7,11,0,1,0,0,6,Choice of court :Left,2,Dabang Delhi K.C.,Dabang Delhi K.C.
Bengaluru Bulls,Gujarat Fortunegiants,23,32,44,44,20,18,10,5,14,10,0,0,3,0,1,Choice of court :Left,1,Bengaluru Bulls,Gujarat Fortunegiants
U Mumba,Jaipur Pink Panthers,47,21,43,42,20,24,5,21,3,17,1,0,0,2,3,Choice of court :Right,,,U Mumba
U.P. Yoddha,Bengal Warriors,32,29,46,45,23,20,9,11,11,14,0,0,2,3,4,Choice of court :Right,,,U.P. Yoddha
Bengaluru Bulls,Tamil Thalaivas,33,27,42,42,18,28,11,18,10,8,0,0,1,2,1,Choice of court :Left,1,Bengaluru Bulls,Bengaluru Bulls
Puneri Paltan,Haryana Steelers,27,41,43,43,25,30,18,17,15,7,0,0,1,1,28,Choice of court :Right,,,Haryana Steelers
Telugu Titans,Tamil Thalaivas,35,30,44,43,27,24,19,17,7,11,0,0,1,1,29,Choice of court :Right,,,Telugu Titans
Jaipur Pink Panthers,Dabang Delhi K.C.,44,46,44,44,31,24,20,15,11,12,2,2,3,1,2,Choice of court :Right,,,Dabang Delhi K.C.
Bengaluru Bulls,Patna Pirates,40,39,46,46,24,32,14,21,11,10,0,1,3,4,1,Choice of court :Left,1,Bengaluru Bulls,Bengaluru Bulls
Puneri Paltan,U Mumba,33,33,42,42,24,20,14,9,12,10,1,0,2,0,7,Choice of court :Left,,,Match Tied
Puneri Paltan,Bengal Warriors,43,19,45,45,23,28,10,22,6,13,,,,,7,Choice of court :Right,,,Puneri Paltan
Patna Pirates,U.P. Yoddha,29,41,47,46,24,28,18,15,13,6,0,0,2,1,6,Choice of court :Left,,,U.P. Yoddha
Bengaluru Bulls,Telugu Titans,40,39,44,45,30,30,23,22,8,8,1,2,0,0,8,Choice of court :Right,1,Bengaluru Bulls,Bengaluru Bulls
Bengal Warriors,Gujarat Fortunegiants,25,25,41,42,21,21,13,13,8,8,0,1,0,0,31,Choice of court :Left,4,Bengal Warriors,Match Tied
Dabang Delhi K.C.,Haryana Steelers,25,47,40,41,26,23,21,10,13,5,0,2,0,1,28,Choice of court :Left,,,Haryana Steelers
Dabang Delhi K.C.,Tamil Thalaivas,50,34,41,42,21,28,13,25,4,12,1,0,0,0,2,Choice of court :Right,,,Dabang Delhi K.C.
Bengal Warriors,Puneri Paltan,42,39,42,41,24,32,15,20,13,10,3,0,1,0,7,Choice of court :Left,4,Bengal Warriors,Bengal Warriors
U.P. Yoddha,Gujarat Fortunegiants,33,26,41,41,24,18,12,13,5,12,0,1,0,2,30,Choice of court :Right,,,U.P. Yoddha
Tamil Thalaivas,Patna Pirates,25,51,45,46,30,26,25,13,13,5,0,2,1,1,6,Choice of court :Left,,,Patna Pirates
Haryana Steelers,Jaipur Pink Panthers,32,32,42,43,25,23,13,13,12,12,1,0,1,0,3,Choice of court :Left,,,Match Tied
Bengal Warriors,U Mumba,29,26,40,39,22,19,13,13,6,10,1,2,1,0,4,Choice of court :Right,4,Bengal Warriors,Bengal Warriors
U Mumba,Dabang Delhi,36,20,44,45,18,26,8,19,8,10,,,,,2,Choice of court :Left,,,U Mumba
Jaipur Pink Panthers,Patna Pirates,33,36,44,45,26,25,20,16,9,6,1,1,3,1,6,Choice of court :Left,,,Patna Pirates
Telugu Titans,U Mumba,27,41,41,40,22,23,15,8,16,8,0,0,2,0,8,Choice of court :Right,,,U Mumba
Patna Pirates,Puneri Paltan,40,21,43,42,23,24,8,16,8,15,,,,,7,Choice of court :Right,,,Patna Pirates
U Mumba,Bengal Warriors,41,29,48,47,27,27,15,19,8,13,,,,,4,Choice of court :Right,,,U Mumba
Dabang Delhi K.C.,Patna Pirates,30,33,44,42,18,23,16,15,9,3,,,,,6,Choice of court :Right,2,Dabang Delhi K.C.,Patna Pirates
Bengal Warriors,Puneri Paltan,27,31,46,46,21,19,13,10,10,8,,,,,7,Choice of court :Left,,,Puneri Paltan
U Mumba,Patna Pirates,28,31,50,51,24,24,14,12,13,10,,,,,6,Choice of court :Right,,,Patna Pirates
U Mumba,Jaipur Pink Panthers,36,34,43,42,21,19,14,12,8,12,,,,,5,Choice of court :Right,,,U Mumba
Bengaluru Bulls,Bengal Warriors,24,23,41,40,17,18,9,11,8,9,,,,,1,Choice of court :Right,,,Bengaluru Bulls
Puneri Paltan,U Mumba,41,19,42,41,18,25,8,22,3,10,,,,,5,Choice of court :Left,7,Puneri Paltan,Puneri Paltan
Bengal Warriors,Dabang Delhi K.C.,31,23,39,38,18,18,8,13,7,11,,,,,2,Choice of court :Left,,,Bengal Warriors
Puneri Paltan,Patna Pirates,24,30,44,44,22,19,15,10,9,7,,,,,6,Choice of court :Left,7,Puneri Paltan,Patna Pirates
Puneri Paltan,Dabang Delhi K.C.,27,27,48,48,18,24,11,16,8,7,,,,,2,Choice of court :Left,7,Puneri Paltan,Match Tied
Jaipur Pink Panthers,Telugu Titans,28,24,40,39,19,20,10,11,11,11,,,,,3,Choice of court :Left,3,Jaipur Pink Panthers,Jaipur Pink Panthers
Bengaluru Bulls,U Mumba,32,43,41,40,27,24,19,11,14,9,,,,,5,Choice of court :Right,,,U Mumba
U Mumba,Patna Pirates,34,36,40,39,27,23,20,13,10,7,,,,,6,Choice of court :Right,,,Patna Pirates
Jaipur Pink Panthers,Bengaluru Bulls,28,28,41,41,17,22,10,13,9,8,,,,,3,Choice of court :Left,3,Jaipur Pink Panthers,Match Tied
U Mumba,Dabang Delhi K.C.,27,25,45,44,20,20,10,10,10,11,,,,,2,Choice of court :Right,,,U Mumba
Jaipur Pink Panthers,Bengal Warriors,36,33,47,47,23,28,17,20,8,6,,,,,4,Choice of court :Right,3,Jaipur Pink Panthers,Jaipur Pink Panthers
Dabang Delhi K.C.,Bengaluru Bulls,32,24,44,45,23,18,10,10,8,14,,,,,1,Choice of court :Right,,,Dabang Delhi K.C.
Jaipur Pink Panthers,Puneri Paltan,28,33,43,42,21,26,16,13,13,5,,,,,7,Choice of court :Right,3,Jaipur Pink Panthers,Puneri Paltan
Telugu Titans,Patna Pirates,33,35,41,41,27,23,19,16,8,9,,,,,6,Choice of court :Left,8,Telugu Titans,Patna Pirates
Bengal Warriors,U Mumba,18,26,39,39,14,18,8,6,12,6,,,,,5,Choice of court :Left,,,U Mumba
Bengaluru Bulls,Puneri Paltan,29,27,43,42,25,19,13,11,10,12,,,,,1,Choice of court :Right,,,Bengaluru Bulls
Telugu Titans,Bengal Warriors,35,18,42,42,18,24,5,18,7,13,,,,,8,Choice of court :Right,8,Telugu Titans,Telugu Titans
Bengaluru Bulls,Dabang Delhi K.C.,42,28,40,41,21,33,8,22,11,17,,,,,2,Choice of court :Left,0,TBC,Bengaluru Bulls
Dabang Delhi K.C.,Jaipur Pink Panthers,29,36,40,40,25,29,16,15,16,10,,,,,2,Choice of court :Left,2,Dabang Delhi K.C.,Jaipur Pink Panthers
Telugu Titans,Bengaluru Bulls,28,30,43,44,17,25,13,19,6,6,,,,,1,Choice of court :Right,8,Telugu Titans,Bengaluru Bulls
Dabang Delhi K.C.,Jaipur Pink Panthers,26,51,46,46,30,26,26,14,13,4,,,,,3,Choice of court :Left,,,Jaipur Pink Panthers
Telugu Titans,U Mumba,35,30,46,46,26,24,15,18,6,11,,,,,8,Choice of court :Left,8,Telugu Titans,Telugu Titans
Patna Pirates,Bengaluru Bulls,31,25,44,44,18,22,11,15,7,8,,,,,6,Choice of court :Right,6,Patna Pirates,Patna Pirates
Bengaluru Bulls,U Mumba,23,24,42,42,18,17,11,10,8,7,,,,,5,Choice of court :Left,,,U Mumba
Patna Pirates,Bengal Warriors,35,21,45,45,20,22,10,14,8,10,,,,,4,Choice of court :Left,6,Patna Pirates,Patna Pirates
Bengal Warriors,Puneri Paltan,31,38,43,43,26,22,17,13,9,9,,,,,7,Choice of court :Left,,,Puneri Paltan
Patna Pirates,Dabang Delhi K.C.,15,33,44,43,16,21,10,8,16,6,,,,,6,Choice of court :Right,6,Patna Pirates,Dabang Delhi K.C.
Dabang Delhi K.C.,Telugu Titans,23,28,45,45,17,19,9,8,11,8,,,,,2,Choice of court :Right,,,Telugu Titans
Patna Pirates,Jaipur Pink Panthers,21,26,42,42,16,20,7,9,12,9,,,,,6,Choice of court :Right,6,Patna Pirates,Jaipur Pink Panthers
Dabang Delhi K.C.,Bengal Warriors,45,35,39,38,35,28,22,23,6,13,,,,,2,Choice of court :Left,2,Dabang Delhi K.C.,Dabang Delhi
Bengaluru Bulls,Telugu Titans,24,32,43,44,18,24,12,13,11,6,,,,,1,Choice of court :Right,1,Bengaluru Bulls,Telugu Titans
Puneri Paltan,Bengal Warriors,34,34,47,47,16,30,9,17,14,10,,,,,4,Choice of court :Left,,,Match Tied
Bengaluru Bulls,Jaipur Pink Panthers,22,24,38,39,15,19,9,11,8,6,,,,,3,Choice of court :Left,1,Bengaluru Bulls,Jaipur Pink Panthers
Jaipur Pink Panthers,U Mumba,23,29,38,39,18,21,12,11,11,6,,,,,5,Choice of court :Left,,,U Mumba
Bengaluru Bulls,Patna Pirates,23,38,43,42,22,24,13,7,18,9,,,,,1,Choice of court :Left,1,Bengaluru Bulls,Patna Pirates
Telugu Titans,Puneri Paltan,32,29,44,43,28,16,15,9,9,13,,,,,7,Choice of court :Left,,,Telugu Titans
Bengaluru Bulls,Dabang Delhi K.C.,20,40,45,45,20,21,17,11,11,3,,,,,2,Choice of court :Left,1,Bengaluru Bulls,Dabang Delhi K.C.
Bengal Warriors,Jaipur Pink Panthers,32,25,39,40,24,22,13,17,6,11,,,,,3,Choice of court :Left,4,Bengal Warriors,Bengal Warriors
Patna Pirates,U Mumba,34,24,43,44,23,20,9,12,9,15,,,,,6,Choice of court :Right,,,Patna Pirates
Puneri Paltan,Jaipur Pink Panthers,27,33,44,44,23,22,17,14,11,6,,,,,3,Choice of court :Left,,,Jaipur Pink Panthers
Patna Pirates,Puneri Paltan,34,26,37,38,22,25,18,22,4,4,,,,,7,Choice of court :Right,6,Patna Pirates,Patna Pirates
Bengal Warriors,Patna Pirates,27,33,44,43,21,20,12,11,11,11,,,,,6,Choice of court :Left,4,Bengal Warriors,Patna Pirates
Bengal Warriors,Telugu Titans,34,34,43,44,25,22,17,14,8,9,,,,,8,Choice of court :Right,4,Bengal Warriors,Match Tied
Telugu Titans,Dabang Delhi K.C.,36,28,43,43,27,21,15,14,8,13,,,,,8,Choice of court :Right,,,Telugu Titans
Bengal Warriors,Bengaluru Bulls,25,27,46,46,19,20,11,12,8,9,,,,,4,Choice of court :Right,4,Bengal Warriors,Bengaluru Bulls
U Mumba,Puneri Paltan,34,31,43,42,24,24,14,17,8,11,,,,,7,Choice of court :Left,5,U Mumba,U Mumba
Jaipur Pink Panthers,Dabang Delhi K.C.,24,22,41,40,15,20,8,14,7,7,,,,,2,Choice of court :Left,,,Jaipur Pink Panthers
U Mumba,Telugu Titans,25,25,42,43,20,19,13,11,9,7,,,,,8,Choice of court :Left,5,U Mumba,Match Tied
Jaipur Pink Panthers,Patna Pirates,29,22,40,39,17,16,9,13,4,8,,,,,6,Choice of court :Left,,,Jaipur Pink Panthers
U Mumba,Bengal Warriors,27,31,42,43,15,26,12,15,11,5,,,,,4,Choice of court :Left,5,U Mumba,Bengal Warriors
Patna Pirates,Puneri Paltan,31,28,44,44,21,22,12,14,8,9,,,,,7,Choice of court :Right,,,Patna Pirates
Bengal Warriors,Telugu Titans,39,34,42,40,29,25,22,20,6,8,,,,,4,Choice of court :Right,,,Bengal Warriors
U Mumba,Bengaluru Bulls,27,28,41,41,17,21,8,10,12,10,,,,,5,Choice of court :Right,5,U Mumba,Bengaluru Bulls
Dabang Delhi K.C.,Bengal Warriors,41,20,45,45,17,23,6,20,3,11,,,,,4,Choice of court :Left,2,Dabang Delhi K.C.,Dabang Delhi K.C.
Telugu Titans,Jaipur Pink Panthers,35,23,41,40,22,18,11,12,7,13,,,,,8,Choice of court :Right,,,Telugu Titans
Dabang Delhi K.C.,Patna Pirates,31,32,44,43,24,20,17,11,9,8,,,,,6,Choice of court :Left,2,Dabang Delhi K.C.,Patna Pirates
Patna Pirates,Telugu Titans,25,46,44,45,28,30,21,13,17,7,,,,,8,Choice of court :Left,,,Telugu Titans
Dabang Delhi K.C.,Puneri Paltan,34,39,48,47,29,20,23,15,7,8,,,,,2,Choice of court :Right,2,Dabang Delhi K.C.,Puneri Paltan
Puneri Paltan,Bengaluru Bulls,36,33,48,49,23,25,10,16,9,14,,,,,1,Choice of court :Left,,,Puneri Paltan
Dabang Delhi K.C.,U Mumba,34,38,46,47,21,24,13,13,11,8,,,,,5,Choice of court :Left,2,Dabang Delhi K.C.,U Mumba
Patna Pirates,Puneri Paltan,37,33,52,52,23,28,13,17,11,11,,,,,6,Choice of court :Right,,,Patna Pirates
Telugu Titans,Jaipur Pink Panthers,24,34,40,39,20,22,16,12,10,4,,,,,8,Choice of court :Right,,,Jaipur Pink Panthers
U Mumba,Patna Pirates,37,37,37,38,30,25,17,16,9,13,,,,,5,Choice of court :Left,6,Patna Pirates,Match Drawn
Telugu Titans,Puneri Paltan,35,40,45,45,24,29,18,19,11,6,,,,,8,Choice of court :Left,,,Puneri Paltan
Patna Pirates,Jaipur Pink Panthers,37,29,43,43,22,21,13,17,5,10,,,,,6,Choice of court :Right,,,Patna Pirates
Fire birds,Ice Divas,25,12,31,31,14,14,5,10,4,10,,,,,9,Choice of court :Left,,,Fire birds
Storm Queens,Ice Divas,15,28,37,36,11,23,6,8,15,6,,,,,10,Choice of court :Left,,,Ice Divas
Fire birds,Storm Queens,14,14,32,31,12,13,5,5,9,7,,,,,9,Choice of court :Left,,,Match Tied
Ice Divas,Fire Birds,24,14,32,31,17,16,4,7,9,13,,,,,11,Choice of court :Left,,,Ice Divas
Storm Queens,Ice Divas,21,15,34,35,17,12,4,4,9,14,,,,,11,Choice of court :Left,,,Storm Queens
Storm Queens,Fire Birds,21,11,32,33,17,13,4,6,7,13,,,,,9,Choice of court :Left,,,Storm Queens
Ice Divas,Fire Birds,13,22,32,32,13,16,7,6,10,6,,,,,9,Choice of court :Right,,,Fire Birds
Storm Queens,Fire Birds,24,23,35,33,18,18,9,10,8,9,,,,,10,Choice of court :Right,,,Storm Queens
Jaipur Pink Panthers,Telugu Titans,48,29,39,41,26,30,15,25,5,12,,,,,8,Choice of court :Left,,,Jaipur Pink Panthers
India,Republic of Korea,32,34,44,44,21,21,12,12,10,11,,,,,13,Choice of court :Right,12,India,Republic of Korea
USA,Iran,15,52,41,40,23,23,22,11,16,2,,,,,21,Choice of court :Left,,,Iran
England,Bangladesh,18,52,45,46,30,20,26,11,10,4,,,,,16,Choice of court :Left,,,Bangladesh
Poland,Kenya,48,54,44,44,31,41,26,27,15,6,,,,,22,Choice of court :Right,,,Kenya
India,Australia,54,20,43,43,21,25,11,25,0,11,,,,,12,Choice of court :Left,12,India,India
Republic of Korea,Argentina,68,42,44,43,36,41,22,32,9,17,,,,,17,Choice of court :Right,,,Republic of Korea
USA,Japan,19,45,38,38,17,20,16,7,15,2,,,,,21,Choice of court :Left,,,Japan
Thailand,Iran,23,64,45,45,28,35,27,14,22,2,,,,,18,Choice of court :Right,,,Iran
England,Australia,69,25,45,44,23,42,11,37,5,14,,,,,16,Choice of court :Left,,,England
Thailand,Poland,65,25,43,43,32,30,13,25,5,20,,,,,19,Choice of court :Left,,,Thailand
Dabang Delhi K.C.,Patna Pirates,28,30,39,41,19,26,16,19,7,5,,,,,6,Choice of court :Right,6,Patna Pirates,Match Drawn
Iran,Kenya,33,28,46,46,20,21,7,14,11,15,,,,,18,Choice of court :Left,,,Iran
India,Bangladesh,57,20,45,45,28,29,8,22,7,20,,,,,12,Choice of court :Left,12,India,India
Poland,Japan,22,33,42,41,15,27,13,15,14,3,,,,,20,Choice of court :Right,,,Japan
Australia,Argentina,68,45,48,47,37,39,18,29,11,20,,,,,15,Choice of court :Left,,,Australia
Thailand,Kenya,53,21,46,46,17,29,6,25,4,14,,,,,19,Choice of court :Left,,,Thailand
Bangladesh,Republic of Korea,32,35,46,46,27,19,16,13,9,12,,,,,14,Choice of court :Left,,,Republic of Korea
England,Argentina,68,28,47,46,31,37,15,32,5,18,,,,,17,Choice of court :Right,,,England
USA,Poland,29,75,40,41,40,30,28,11,22,13,,,,,23,Choice of court :Right,,,Poland
Republic of Korea,Australia,63,25,45,44,22,38,10,30,9,15,,,,,13,Choice of court :Left,,,Republic of Korea
Iran,Japan,38,34,45,44,28,27,18,21,8,10,,,,,18,Choice of court :Left,,,Iran
Jaipur Pink Panthers,Bengal Warriors,36,23,37,36,23,23,12,17,6,13,,,,,4,Choice of court :Left,,,Jaipur Pink Panthers
India,Argentina,74,20,44,44,34,29,10,27,3,25,,,,,17,Choice of court :Right,12,India,India
Thailand,USA,69,22,45,44,16,32,3,26,6,15,,,,,19,Choice of court :Left,,,Thailand
Republic of Korea,England,56,17,44,43,19,33,3,25,8,16,,,,,13,Choice of court :Left,,,Republic of Korea
Japan,Kenya,27,48,45,46,23,28,12,9,20,12,,,,,20,Choice of court :Left,,,Kenya
Poland,Iran,41,25,44,44,24,29,16,23,6,9,,,,,18,Choice of court :Right,,,Poland
Australia,Bangladesh,8,80,44,44,37,19,34,1,22,3,,,,,14,Choice of court :Right,,,Bangladesh
USA,Kenya,19,74,45,44,31,31,26,11,22,6,,,,,22,Choice of court :Right,,,Kenya
India,England,69,18,44,43,26,32,14,31,1,14,,,,,16,Choice of court :Right,12,India,India
Bangladesh,Argentina,67,26,45,46,33,39,19,37,2,15,,,,,17,Choice of court :Right,,,Bangladesh
Thailand,Japan,37,33,54,53,17,29,8,15,16,11,,,,,19,Choice of court :Left,,,Thailand
Bengaluru Bulls,Patna Pirates,33,33,40,41,23,26,16,21,6,9,,,,,1,Choice of court :Left,6,Patna Pirates,Bengaluru Bulls
Republic of Korea,Iran,22,28,45,45,14,17,9,6,13,8,,,,,13,Choice of court :Left,,,Iran
India,Thailand,73,20,46,46,29,41,11,37,4,18,,,,,12,Choice of court :Left,,,India
India,Iran,38,29,48,48,18,24,11,16,9,11,,,,,18,Choice of court :Right,,,India
Indian Railways,Haryana,27,30,43,43,20,20,13,12,11,9,,,,,25,Choice of court :Right,,,Haryana
Services SSCB,Maharashtra,31,25,43,44,21,18,8,9,10,15,,,,,26,Choice of court :Left,,,Services SSCB
Haryana,Services SCB,22,39,44,44,20,19,14,6,14,6,,,,,25,Choice of court :Left,,,Services SCB
Telugu Titans,Tamil Thalaivas,32,27,45,44,21,22,10,14,9,11,0,0,0,1,8,Choice of court :Right,8,Telugu Titans,Telugu Titans
U Mumba,Puneri Paltan,21,33,43,44,19,19,12,6,14,7,0,1,0,2,5,Choice of court :Right,,,Puneri Paltan
Jaipur Pink Panthers,Dabang Delhi K.C.,26,30,42,43,14,24,10,12,12,6,0,0,0,0,3,Choice of court :Right,,,Dabang Delhi K.C.
Telugu Titans,Patna Pirates,29,35,40,39,22,22,14,14,8,8,0,1,0,2,6,Choice of court :Left,8,Telugu Titans,Patna Pirates
Puneri Paltan,Telugu Titans,34,41,41,44,29,28,23,21,8,6,,,,,8,Choice of court :Right,7,Puneri Paltan,Telugu Titans
U Mumba,Haryana Steelers,29,28,41,40,23,21,13,12,9,10,1,0,1,0,28,Choice of court :Left,,,U Mumba
Telugu Titans,Bengaluru Bulls,21,31,39,40,17,18,13,8,10,4,0,1,0,0,1,Choice of court :Left,8,Telugu Titans,Bengaluru Bulls
Gujarat Fortunegiants,Dabang Delhi K.C.,26,20,43,42,17,15,8,10,6,10,0,0,0,0,31,Choice of court :Right,,,Gujarat Fortunegiants
Telugu Titans,U.P. Yoddha,18,31,40,41,18,22,14,12,11,4,0,1,0,1,8,Choice of court :Right,8,Telugu Titans,U.P. Yoddha
Gujarat Fortunegiants,Haryana Steelers,27,27,44,45,19,20,11,12,8,9,0,1,1,1,28,Choice of court :Left,,,Match Tied
Telugu Titans,Bengal Warriors,24,30,42,41,22,18,16,12,6,6,0,1,1,0,8,Choice of court :Right,8,Telugu Titans,Bengal Warriors
Telugu Titans,Patna Pirates,36,43,45,46,27,24,18,14,14,10,0,0,1,3,8,Choice of court :Right,8,Telugu Titans,Patna Pirates
Bengaluru Bulls,Tamil Thalaivas,32,31,45,44,23,21,12,13,8,11,0,0,2,0,1,Choice of court :Left,1,Bengaluru Bulls,Bengaluru Bulls
Puneri Paltan,Dabang Delhi K.C.,26,21,42,43,16,19,8,14,6,9,0,0,0,1,7,Choice of court :Left,,,Puneri Paltan
U Mumba,Dabang Delhi K.C.,36,22,41,41,19,19,7,12,8,13,1,0,3,0,5,Choice of court :Left,,,U Mumba
Bengaluru Bulls,Puneri Paltan,39,34,41,41,26,25,13,15,12,13,,,,,1,Choice of court :Right,0,TBC,Bengaluru Bulls
Bengaluru Bulls,U Mumba,32,27,41,40,21,28,13,19,11,9,,,,,1,Choice of court :Right,,,Bengaluru Bulls
Bengaluru Bulls,U.P. Yoddha,27,32,38,37,16,25,12,16,10,4,0,1,0,0,30,Choice of court :Right,1,Bengaluru Bulls,U.P. Yoddha
Bengal Warriors,U.P. Yoddha,40,20,43,43,20,25,11,22,3,12,0,0,0,1,30,Choice of court :Right,,,Bengal Warriors
Bengaluru Bulls,Patna Pirates,32,46,43,42,26,19,22,9,10,6,0,0,0,2,1,Choice of court :Left,1,Bengaluru Bulls,Patna Pirates
Gujarat Fortunegiants,Haryana Steelers,20,32,41,41,17,21,9,9,13,9,1,0,1,4,31,Choice of court :Left,,,Haryana Steelers
Bengaluru Bulls,Telugu Titans,21,21,42,42,18,14,11,8,7,8,0,0,0,0,1,Choice of court :Left,1,Bengaluru Bulls,Match Tied
Bengaluru Bulls,Bengal Warriors,31,25,41,40,21,18,11,10,8,10,1,0,2,0,1,Choice of court :Left,1,Bengaluru Bulls,Bengaluru Bulls
Puneri Paltan,Jaipur Pink Panthers,28,30,41,41,17,26,10,15,12,8,1,0,1,1,3,Choice of court :Right,,,Jaipur Pink Panthers
Bengaluru Bulls,Tamil Thalaivas,24,29,43,44,14,20,8,11,10,6,0,0,0,1,1,Choice of court :Left,1,Bengaluru Bulls,Tamil Thalaivas
Gujarat Fortunegiants,U Mumba,39,21,43,44,19,23,6,19,6,14,0,0,0,1,31,Choice of court :Left,31,Gujarat Fortunegiants,Gujarat Fortunegiants
Telugu Titans,U.P. Yoddha,32,39,43,42,25,26,16,16,12,10,1,1,0,1,8,Choice of court :Left,,,U.P. Yoddha
Bengal Warriors,Puneri Paltan,29,38,39,37,25,24,18,14,12,8,,,,,7,Choice of court :Left,7,Puneri Paltan,Puneri Paltan
Gujarat Fortunegiants,Dabang Delhi K.C.,29,25,46,47,14,22,7,14,9,10,0,1,0,0,31,Choice of court :Left,31,Gujarat Fortunegiants,Gujarat Fortunegiants
Patna Pirates,U.P. Yoddha,27,27,40,41,16,23,11,15,8,6,0,0,1,1,30,Choice of court :Right,,,Match Tied
Gujarat Fortunegiants,Jaipur Pink Panthers,27,20,42,41,19,12,6,6,10,14,0,0,0,0,31,Choice of court :Left,31,Gujarat Fortunegiants,Gujarat Fortunegiants
Bengal Warriors,Puneri Paltan,17,34,43,44,19,16,14,6,14,6,0,0,1,0,7,Choice of court :Right,,,Puneri Paltan
Gujarat Fortunegiants,Bengaluru Bulls,27,24,43,43,16,21,7,12,10,10,0,0,2,2,31,Choice of court :Left,31,Gujarat Fortunegiants,Gujarat Fortunegiants
Haryana Steelers,Tamil Thalaivas,25,25,43,44,18,16,10,7,10,9,0,0,2,1,29,Choice of court :Right,,,Match Tied
Gujarat Fortunegiants,Telugu Titans,29,19,43,42,19,19,10,14,7,9,1,0,0,0,31,Choice of court :Left,31,Gujarat Fortunegiants,Gujarat Fortunegiants
Dabang Delhi K.C.,Tamil Thalaivas,30,29,46,45,18,26,13,18,9,5,1,0,1,3,2,Choice of court :Left,,,Dabang Delhi K.C.
Gujarat Fortunegiants,Bengal Warriors,26,26,41,41,18,21,15,16,6,3,1,1,0,0,31,Choice of court :Left,31,Gujarat Fortunegiants,Match Tied
U.P. Yoddha,U Mumba,34,37,40,40,24,30,18,22,8,6,2,0,0,0,5,Choice of court :Left,30,U.P. Yoddha,U Mumba
Bengaluru Bulls,Dabang Delhi K.C.,26,25,40,39,19,22,11,12,13,9,,,,,2,Choice of court :Right,,,Dabang Delhi
Bengaluru Bulls,Jaipur Pink Panthers,28,30,39,39,17,19,9,9,12,8,0,1,0,0,3,Choice of court :Left,,,Jaipur Pink Panthers
Telugu Titans,U Mumba,37,32,43,43,23,25,12,16,10,11,2,0,3,0,5,Choice of court :Left,,,Telugu Titans
U.P. Yoddha,Haryana Steelers,29,36,45,45,23,21,14,8,16,10,0,0,4,1,30,Choice of court :Right,30,U.P. Yoddha,Haryana Steelers
Patna Pirates,Puneri Paltan,42,47,46,45,25,37,20,25,12,5,2,1,1,0,7,Choice of court :Left,,,Puneri Paltan
U.P. Yoddha,Jaipur Pink Panthers,22,24,41,42,17,16,12,8,8,8,0,1,2,0,30,Choice of court :Right,30,U.P. Yoddha,Jaipur Pink Panthers
Gujarat Fortunegiants,Puneri Paltan,35,21,47,46,24,21,7,12,9,17,0,0,0,1,7,Choice of court :Left,,,Gujarat Fortunegiants
U.P. Yoddha,Bengal Warriors,31,32,46,47,22,21,13,11,12,9,1,0,1,0,30,Choice of court :Right,30,U.P. Yoddha,Bengal Warriors
Haryana Steelers,Dabang Delhi K.C.,27,25,48,47,20,21,12,13,8,9,0,0,0,1,2,Choice of court :Left,,,Haryana Steelers
U.P. Yoddha,Tamil Thalaivas,33,33,51,50,25,29,16,16,13,9,1,0,1,1,29,Choice of court :Left,30,U.P. Yoddha,Match Tied
U.P. Yoddha,Telugu Titans,25,23,46,47,17,23,8,12,12,11,0,0,1,0,30,Choice of court :Right,30,U.P. Yoddha,U.P. Yoddha
Jaipur Pink Panthers,Puneri Paltan,48,22,39,41,26,30,12,24,6,15,,,,,7,Choice of court :Left,7,Puneri Paltan,Jaipur Pink Panthers
U Mumba,Jaipur Pink Panthers,36,39,41,41,29,21,19,10,13,11,1,2,3,0,5,Choice of court :Left,5,U Mumba,Jaipur Pink Panthers
Bengal Warriors,Patna Pirates,36,36,48,49,25,25,15,13,13,10,0,1,1,1,6,Choice of court :Right,,,Match Tied
Patna Pirates,Tamil Thalaivas,35,24,46,45,21,27,9,18,10,12,1,0,1,0,6,Choice of court :Left,,,Patna Pirates
U Mumba,Puneri Paltan,24,26,43,43,20,19,12,11,10,9,0,0,0,0,7,Choice of court :Right,5,U Mumba,Puneri Paltan
Bengal Warriors,Bengaluru Bulls,32,26,43,42,19,24,10,14,10,10,1,1,2,0,4,Choice of court :Left,,,Bengal Warriors
U Mumba,Dabang Delhi K.C.,32,33,46,45,23,26,18,16,10,6,0,0,0,0,5,Choice of court :Left,5,U Mumba,Dabang Delhi K.C.
Bengaluru Bulls,U.P. Yoddha,64,24,43,43,25,35,10,31,5,15,1,0,1,0,30,Choice of court :Left,,,Bengaluru Bulls
U Mumba,Gujarat Fortunegiants,23,45,44,45,27,19,21,6,16,6,0,1,5,0,5,Choice of court :Left,,,Gujarat Fortunegiants
U Mumba,Haryana Steelers,38,32,47,46,27,22,17,15,8,11,1,0,4,0,5,Choice of court :Left,5,U Mumba,U Mumba
Telugu Titans,Tamil Thalaivas,33,28,50,51,25,15,12,7,10,13,0,0,3,0,29,Choice of court :Right,,,Telugu Titans
Dabang Delhi K.C.,U Mumba,34,22,38,38,23,22,13,18,7,10,,,,,5,Choice of court :Right,,,Dabang Delhi
U Mumba,Jaipur Pink Panthers,36,32,45,44,24,20,18,15,5,6,0,1,1,0,3,Choice of court :Right,5,U Mumba,U Mumba
Bengal Warriors,Patna Pirates,41,38,49,49,27,24,19,16,10,10,0,0,1,1,6,Choice of court :Left,4,Bengal Warriors,Bengal Warriors
Gujarat Fortunegiants,Haryana Steelers,36,42,46,46,30,29,22,20,10,9,0,1,0,2,28,Choice of court :Left,,,Haryana Steelers
Bengal Warriors,U.P. Yoddha,26,26,44,45,20,17,11,13,6,9,0,1,0,1,30,Choice of court :Left,4,Bengal Warriors,Match Tied
Gujarat Fortunegiants,Jaipur Pink Panthers,25,31,43,43,19,21,12,10,14,9,0,0,2,0,31,Choice of court :Right,,,Jaipur Pink Panthers
Bengal Warriors,Tamil Thalaivas,29,25,47,46,19,19,10,10,9,10,1,0,0,1,4,Choice of court :Right,4,Bengal Warriors,Bengal Warriors
Patna Pirates,Jaipur Pink Panthers,47,21,44,43,17,34,9,29,6,9,2,0,0,0,6,Choice of court :Right,,,Patna Pirates
Bengal Warriors,Haryana Steelers,29,36,44,43,21,25,16,17,12,5,1,1,0,0,28,Choice of court :Left,4,Bengal Warriors,Haryana Steelers
Dabang Delhi K.C.,Bengaluru Bulls,38,30,45,44,22,27,16,23,4,7,0,0,0,1,1,Choice of court :Left,,,Dabang Delhi K.C.
Bengal Warriors,U Mumba,31,37,47,47,23,24,18,14,10,7,0,1,0,1,4,Choice of court :Right,4,Bengal Warriors,U Mumba
Patna Pirates,Puneri Paltan,34,29,42,41,20,23,13,18,7,8,,,,,7,Choice of court :Left,7,Puneri Paltan,Patna Pirates
Telugu Titans,Puneri Paltan,37,42,44,45,25,30,16,16,16,10,3,0,1,1,7,Choice of court :Left,,,Puneri Paltan
Bengal Warriors,Dabang Delhi K.C.,31,31,44,45,24,20,16,14,6,8,0,1,0,0,2,Choice of court :Left,4,Bengal Warriors,Match Tied
Haryana Steelers,Patna Pirates,41,41,49,48,29,25,16,15,10,14,0,2,0,1,6,Choice of court :Right,28,Haryana Steelers,Match Tied
Gujarat Fortunegiants,U.P. Yoddha,30,30,43,44,22,23,12,11,12,10,0,2,1,1,31,Choice of court :Left,,,Match Tied
Patna Pirates,U Mumba,41,51,46,46,36,31,30,22,10,6,1,0,0,1,6,Choice of court :Left,,,U Mumba
Haryana Steelers,Bengaluru Bulls,38,31,43,44,26,26,17,21,5,9,3,0,0,1,1,Choice of court :Right,28,Haryana Steelers,Haryana Steelers
Bengaluru Bulls,Puneri Paltan,24,20,43,42,20,15,6,5,12,14,0,0,1,1,7,Choice of court :Right,,,Bengaluru Bulls
Haryana Steelers,Telugu Titans,19,37,47,47,18,22,15,9,15,5,0,0,1,0,8,Choice of court :Left,28,Haryana Steelers,Telugu Titans
Bengal Warriors,Telugu Titans,32,31,45,44,16,23,13,15,10,5,0,1,2,0,4,Choice of court :Left,,,Bengal Warriors
Haryana Steelers,Dabang Delhi K.C.,27,24,43,43,19,19,10,13,8,10,1,0,1,0,28,Choice of court :Left,28,Haryana Steelers,Haryana Steelers
Bengaluru Bulls,Telugu Titans,28,28,43,41,22,21,15,14,7,7,,,,,1,Choice of court :Left,8,Telugu Titans,Match Drawn
Tamil Thalaivas,U.P. Yoddha,34,33,47,48,24,26,14,17,9,10,2,1,0,0,30,Choice of court :Right,,,Tamil Thalaivas
Haryana Steelers,Puneri Paltan,22,38,45,46,25,18,21,10,10,4,0,1,4,0,7,Choice of court :Right,28,Haryana Steelers,Puneri Paltan
Haryana Steelers,Jaipur Pink Panthers,27,27,48,47,26,17,17,12,5,9,0,1,0,1,28,Choice of court :Left,28,Haryana Steelers,Match Tied
Patna Pirates,Telugu Titans,46,30,45,44,21,32,9,24,10,13,1,0,0,0,6,Choice of court :Left,6,Patna Pirates,Patna Pirates
U Mumba,Gujarat Fortunegiants,28,39,44,44,25,24,19,13,11,8,1,1,1,2,5,Choice of court :Left,,,Gujarat Fortunegiants
Bengaluru Bulls,Telugu Titans,26,26,42,41,14,20,5,12,9,9,0,0,0,5,1,Choice of court :Left,,,Match Tied
Patna Pirates,U.P. Yoddha,45,42,45,44,29,30,21,22,11,9,1,1,0,0,6,Choice of court :Left,6,Patna Pirates,Patna Pirates
Jaipur Pink Panthers,Dabang Delhi K.C.,36,25,45,45,21,24,10,15,9,13,2,0,2,0,3,Choice of court :Left,,,Jaipur Pink Panthers
Patna Pirates,Bengal Warriors,37,37,44,45,26,24,17,18,6,10,0,0,0,1,6,Choice of court :Left,6,Patna Pirates,Match Tied
Puneri Paltan,Haryana Steelers,37,25,46,45,27,23,11,15,8,16,0,0,1,1,28,Choice of court :Right,,,Puneri Paltan
Jaipur Pink Panthers,Bengal Warriors,41,31,42,36,28,26,18,18,10,10,,,,,4,Choice of court :Left,,,Jaipur Pink Panthers
Patna Pirates,Bengaluru Bulls,36,32,47,47,24,23,17,19,6,9,1,0,0,1,6,Choice of court :Left,6,Patna Pirates,Patna Pirates
Patna Pirates,Tamil Thalaivas,41,39,47,48,25,28,17,19,9,10,1,0,0,1,6,Choice of court :Left,6,Patna Pirates,Patna Pirates
Jaipur Pink Panthers,Haryana Steelers,26,30,43,43,18,26,10,13,13,8,2,1,0,2,3,Choice of court :Left,,,Haryana Steelers
Patna Pirates,U.P. Yoddha,41,46,44,45,30,27,26,19,9,5,3,2,2,0,30,Choice of court :Right,6,Patna Pirates,U.P. Yoddha
Dabang Delhi K.C.,U Mumba,28,30,44,44,23,19,15,11,9,8,1,0,0,0,5,Choice of court :Left,2,Dabang Delhi K.C.,U Mumba
Bengaluru Bulls,Bengal Warriors,29,33,44,44,22,26,12,14,12,10,0,1,1,0,4,Choice of court :Left,,,Bengal Warriors
Dabang Delhi K.C.,Puneri Paltan,29,34,43,43,24,22,16,13,9,9,0,1,0,2,7,Choice of court :Left,2,Dabang Delhi K.C.,Puneri Paltan
Bengal Warriors,Tamil Thalaivas,32,33,46,46,19,27,13,15,13,7,1,0,1,3,29,Choice of court :Left,,,Tamil Thalaivas
Dabang Delhi K.C.,Haryana Steelers,24,42,44,44,22,23,15,6,19,8,0,0,2,1,2,Choice of court :Right,2,Dabang Delhi K.C.,Haryana Steelers
Gujarat Fortunegiants,Tamil Thalaivas,34,35,45,45,29,25,20,17,8,9,0,1,0,0,31,Choice of court :Right,,,Tamil Thalaivas
Jaipur Pink Panthers,Patna Pirates,28,51,35,37,29,29,24,14,16,7,,,,,3,Choice of court :Right,,,Patna Pirates
Dabang Delhi K.C.,Patna Pirates,34,36,45,45,22,24,13,14,10,10,0,1,3,1,6,Choice of court :Left,2,Dabang Delhi K.C.,Patna Pirates
Telugu Titans,Jaipur Pink Panthers,41,34,45,45,34,23,23,20,4,11,0,0,0,0,3,Choice of court :Right,,,Telugu Titans
Dabang Delhi K.C.,U.P. Yoddha,16,45,42,43,25,22,20,9,14,5,0,1,0,0,2,Choice of court :Right,2,Dabang Delhi K.C.,U.P. Yoddha
Bengaluru Bulls,U Mumba,30,42,43,42,24,24,18,12,13,7,0,2,0,1,1,Choice of court :Right,,,U Mumba
Dabang Delhi K.C.,Telugu Titans,22,44,46,47,30,18,21,6,12,9,0,1,0,0,2,Choice of court :Left,2,Dabang Delhi K.C.,Telugu Titans
Tamil Thalaivas,Puneri Paltan,20,33,43,44,19,19,12,8,13,7,0,1,2,1,29,Choice of court :Left,29,Tamil Thalaivas,Puneri Paltan
Gujarat Fortunegiants,Patna Pirates,30,29,47,47,22,20,9,11,12,13,1,0,1,4,6,Choice of court :Right,,,Gujarat Fortunegiants
Puneri Paltan,U.P. Yoddha,34,33,40,40,24,28,15,19,9,9,3,1,0,1,7,Choice of court :Left,,,Puneri Paltan
Tamil Thalaivas,Jaipur Pink Panthers,26,27,46,46,20,17,14,9,9,8,0,0,2,0,3,Choice of court :Right,29,Tamil Thalaivas,Jaipur Pink Panthers
Jaipur Pink Panthers,Bengal Warriors,31,32,47,47,23,22,16,15,7,7,1,0,0,0,4,Choice of court :Right,,,Bengal Warriors
U Mumba,Telugu Titans,42,42,44,41,33,23,29,20,5,5,,,,,5,Choice of court :Left,8,Telugu Titans,Telugu Titans
Tamil Thalaivas,U Mumba,30,33,46,46,22,24,15,17,7,7,0,0,0,2,5,Choice of court :Right,29,Tamil Thalaivas,U Mumba
Dabang Delhi K.C.,Gujarat Fortunegiants,22,42,43,42,27,18,23,10,11,4,0,0,0,0,2,Choice of court :Left,,,Gujarat Fortunegiants
Tamil Thalaivas,Telugu Titans,37,58,48,49,31,28,28,18,12,4,1,2,0,1,29,Choice of court :Left,29,Tamil Thalaivas,Telugu Titans
U Mumba,Haryana Steelers,30,41,45,45,24,26,21,15,13,4,1,0,0,0,5,Choice of court :Left,,,Haryana Steelers
Tamil Thalaivas,U.P. Yoddha,33,37,47,47,26,24,19,19,7,8,0,1,0,1,30,Choice of court :Right,29,Tamil Thalaivas,U.P. Yoddha
Tamil Thalaivas,Bengaluru Bulls,35,45,46,47,26,29,20,18,13,7,0,0,1,0,29,Choice of court :Right,29,Tamil Thalaivas,Bengaluru Bulls
Jaipur Pink Panthers,Gujarat Fortunegiants,23,29,45,46,19,21,13,10,12,8,0,0,2,0,3,Choice of court :Left,3,Jaipur Pink Panthers,Gujarat Fortunegiants
Puneri Paltan,Bengal Warriors,19,25,44,44,18,18,8,6,13,11,0,0,0,1,4,Choice of court :Right,,,Bengal Warriors
Haryana Steelers,Telugu Titans,32,30,46,46,19,25,18,20,5,4,1,0,0,0,8,Choice of court :Right,,,Haryana Steelers
Jaipur Pink Panthers,U Mumba,36,32,43,44,22,27,10,16,14,12,0,0,0,0,5,Choice of court :Right,3,Jaipur Pink Panthers,Jaipur Pink Panthers
Bengal Warriors,U Mumba,24,35,39,39,25,24,18,15,10,8,,,,,4,Choice of court :Left,5,U Mumba,U Mumba
Bengal Warriors,Patna Pirates,29,27,39,41,24,23,15,16,8,10,,,,,6,Choice of court :Right,,,Bengal Warriors
Gujarat Fortunegiants,Patna Pirates,33,29,43,43,24,18,10,9,10,14,1,0,1,1,31,Choice of court :Left,,,Gujarat Fortunegiants
Jaipur Pink Panthers,Puneri Paltan,30,38,43,44,17,29,12,13,16,7,0,0,2,2,7,Choice of court :Right,3,Jaipur Pink Panthers,Puneri Paltan
U Mumba,Tamil Thalaivas,35,38,46,47,25,24,16,12,12,10,1,0,2,0,29,Choice of court :Right,,,Tamil Thalaivas
Jaipur Pink Panthers,Dabang Delhi K.C.,34,35,46,46,22,24,15,17,11,8,2,0,1,2,3,Choice of court :Left,3,Jaipur Pink Panthers,Dabang Delhi K.C.
Dabang Delhi K.C.,Bengaluru Bulls,32,35,43,44,24,20,18,14,8,6,1,0,0,1,1,Choice of court :Right,,,Bengaluru Bulls
Jaipur Pink Panthers,Haryana Steelers,27,37,46,46,26,21,19,9,12,9,0,1,0,1,3,Choice of court :Left,3,Jaipur Pink Panthers,Haryana Steelers
Jaipur Pink Panthers,U.P. Yoddha,32,53,44,43,31,30,26,21,11,7,0,3,0,0,3,Choice of court :Left,3,Jaipur Pink Panthers,U.P. Yoddha
Puneri Paltan,Gujarat Fortunegiants,20,44,42,43,23,24,20,9,15,5,0,2,1,0,7,Choice of court :Right,7,Puneri Paltan,Gujarat Fortunegiants
Bengal Warriors,Tamil Thalaivas,34,30,46,47,26,22,16,17,5,10,1,1,0,0,4,Choice of court :Right,,,Bengal Warriors
Tamil Thalaivas,Patna Pirates,40,37,46,46,28,26,17,21,5,11,0,0,0,1,6,Choice of court :Left,,,Tamil Thalaivas
Puneri Paltan,Telugu Titans,23,58,40,38,32,28,31,16,14,1,,,,,8,Choice of court :Right,8,Telugu Titans,Telugu Titans
Puneri Paltan,U Mumba,43,24,41,41,25,27,13,21,7,12,0,0,1,0,7,Choice of court :Right,7,Puneri Paltan,Puneri Paltan
Bengaluru Bulls,U.P. Yoddha,38,32,44,44,27,18,14,11,9,13,0,0,2,1,30,Choice of court :Left,,,Bengaluru Bulls
Puneri Paltan,Dabang Delhi K.C.,34,31,45,45,20,27,15,18,10,7,2,0,1,0,2,Choice of court :Left,7,Puneri Paltan,Puneri Paltan
Puneri Paltan,Haryana Steelers,27,31,43,43,18,24,11,12,13,8,1,1,2,0,28,Choice of court :Left,7,Puneri Paltan,Haryana Steelers
Patna Pirates,Bengaluru Bulls,29,29,43,42,23,25,15,16,9,8,0,0,2,0,6,Choice of court :Right,,,Match Tied
Puneri Paltan,Jaipur Pink Panthers,38,15,45,46,25,20,7,13,7,18,0,0,0,0,3,Choice of court :Left,7,Puneri Paltan,Puneri Paltan
Telugu Titans,Bengal Warriors,37,37,46,46,25,22,15,14,10,10,0,0,1,0,8,Choice of court :Right,,,Match Tied
Puneri Paltan,Gujarat Fortunegiants,22,23,43,43,23,14,12,6,9,11,0,0,0,1,7,Choice of court :Right,7,Puneri Paltan,Gujarat Fortunegiants
Puneri Paltan,U.P. Yoddha,40,38,42,43,33,22,18,14,10,16,0,1,2,0,30,Choice of court :Left,,,Puneri Paltan
Patna Pirates,Haryana Steelers,69,30,46,46,29,42,15,39,3,14,3,0,0,0,28,Choice of court :Left,,,Patna Pirates
Dabang Delhi K.C.,Telugu Titans,26,42,40,39,30,23,24,13,13,6,,,,,2,Choice of court :Left,8,Telugu Titans,Telugu Titans
Gujarat Fortunegiants,Bengal Warriors,42,17,47,47,20,23,6,18,6,15,0,0,0,2,31,Choice of court :Right,,,Gujarat Fortunegiants
Puneri Paltan,Patna Pirates,32,42,42,42,33,18,22,11,9,11,0,1,0,1,6,Choice of court :Left,,,Patna Pirates
Bengal Warriors,Patna Pirates,44,47,48,49,30,28,24,18,11,6,2,1,0,0,6,Choice of court :Right,,,Patna Pirates
Gujarat Fortunegiants,Patna Pirates,38,55,45,45,29,30,24,18,13,6,1,3,0,1,31,Choice of court :Left,,,Patna Pirates
Bengaluru Bulls,Jaipur Pink Panthers,29,35,38,39,28,22,18,13,10,10,,,,,1,Choice of court :Right,3,Jaipur Pink Panthers,Jaipur Pink Panthers
Bengal Warriors,Patna Pirates,28,36,40,40,26,22,20,12,10,8,,,,,6,Choice of court :Right,,,Patna Pirates
Jaipur Pink Panthers,U Mumba,30,31,40,41,27,24,17,17,7,11,,,,,3,Choice of court :Left,3,Jaipur Pink Panthers,Match Drawn
Bengal Warriors,Telugu Titans,34,33,42,43,31,22,19,14,8,12,,,,,8,Choice of court :Left,,,Match Drawn
Dabang Delhi K.C.,Jaipur Pink Panthers,30,39,38,39,29,25,20,15,12,10,,,,,2,Choice of court :Right,3,Jaipur Pink Panthers,Jaipur Pink Panthers
Patna Pirates,Telugu Titans,26,28,40,42,26,16,19,11,8,8,,,,,8,Choice of court :Right,,,Telugu Titans
Jaipur Pink Panthers,Puneri Paltan,30,21,39,39,18,24,7,14,11,13,,,,,7,Choice of court :Right,3,Jaipur Pink Panthers,Jaipur Pink Panthers
Dabang Delhi K.C.,Puneri Paltan,35,31,40,39,27,23,17,18,5,10,,,,,7,Choice of court :Right,0,TBC,Dabang Delhi
Bengaluru Bulls,Bengal Warriors,33,23,37,37,22,22,8,14,9,16,,,,,1,Choice of court :Left,1,Bengaluru Bulls,Bengaluru Bulls
Dabang Delhi K.C.,U Mumba,29,37,40,39,25,25,14,13,12,12,,,,,5,Choice of court :Left,,,U Mumba
Dabang Delhi K.C.,Puneri Paltan,44,22,40,41,27,23,14,20,3,13,,,,,2,Choice of court :Left,,,Dabang Delhi
Bengaluru Bulls,Patna Pirates,28,33,44,44,20,26,14,17,9,9,,,,,6,Choice of court :Right,1,Bengaluru Bulls,Patna Pirates
Bengaluru Bulls,Telugu Titans,26,25,41,41,24,19,12,9,11,12,,,,,1,Choice of court :Right,1,Bengaluru Bulls,Bengaluru Bulls
U Mumba,Puneri Paltan,36,35,40,42,25,28,12,16,12,13,,,,,7,Choice of court :Left,,,U Mumba
Bengaluru Bulls,Jaipur Pink Panthers,30,29,42,44,21,27,15,18,9,6,,,,,1,Choice of court :Right,1,Bengaluru Bulls,Bengaluru Bulls
India,Pakistan,36,20,43,43,19,21,7,14,7,14,0,1,0,3,12,Choice of court :Left,,,India
Iran,Republic of Korea,35,20,43,43,21,19,8,14,6,14,0,0,0,0,13,Choice of court :Right,,,Iran
Iran,Argentina,54,24,41,41,24,32,12,27,6,12,1,0,0,0,18,Choice of court :Left,,,Iran
India,Kenya,48,19,41,42,19,27,10,22,5,13,2,0,0,1,22,Choice of court :Right,,,India
Republic of Korea,Argentina,72,16,46,45,21,42,6,38,5,17,2,0,0,0,17,Choice of court :Right,,,Republic of Korea
Pakistan,Kenya,43,21,41,41,28,23,14,19,5,14,0,1,0,0,167,Choice of court :Left,,,Pakistan
Iran,Republic of Korea,31,27,44,43,21,17,12,10,9,10,0,1,0,0,18,Choice of court :Left,,,Iran
Jaipur Pink Panthers,Patna Pirates,36,17,39,40,22,20,9,15,6,15,,,,,3,Choice of court :Right,,,Jaipur Pink Panthers
India,Pakistan,41,17,41,41,14,26,5,20,6,10,1,0,0,2,12,Choice of court :Left,,,India
Iran,Argentina,57,27,44,45,24,36,13,30,7,12,2,0,0,0,17,Choice of court :Right,,,Iran
India,Kenya,50,15,43,42,17,22,8,19,3,12,1,1,0,0,12,Choice of court :Left,,,India
Republic of Korea,Argentina,54,25,41,41,26,31,16,27,4,10,0,2,1,4,13,Choice of court :Left,,,Republic of Korea
Pakistan,Kenya,42,20,43,42,23,23,11,19,4,13,0,1,1,2,22,Choice of court :Right,,,Pakistan
Iran,Pakistan,40,21,42,42,18,22,9,19,5,10,2,1,0,0,18,Choice of court :Left,18,Iran,Iran
India,Republic of Korea,36,20,42,43,20,21,9,16,6,11,0,1,0,0,12,Choice of court :Left,,,India
Iran,India,26,44,43,42,26,27,20,12,15,6,1,0,2,3,12,Choice of court :Left,18,Iran,India
Bengaluru Bulls,U Mumba,22,26,39,39,15,21,6,9,13,9,,,,,5,Choice of court :Right,,,U Mumba
India,Sri Lanka,44,28,44,42,13,30,2,19,11,15,0,0,0,6,172,Choice of court :Left,,,India
Bengaluru Bulls,Patna Pirates,22,29,44,44,18,26,8,8,18,10,,,,,6,Choice of court :Left,,,Patna Pirates
India,Thailand,49,30,43,44,23,35,12,24,11,15,2,1,0,0,19,Choice of court :Left,,,India
U Mumba,Telugu Titans,34,35,44,43,31,17,22,10,7,10,,,,,8,Choice of court :Left,5,U Mumba,Match Drawn
Jaipur Pink Panthers,U Mumba,34,22,39,40,26,21,15,17,6,12,,,,,5,Choice of court :Right,,,Jaipur Pink Panthers
Iran,India,27,18,38,38,20,12,7,5,10,14,0,0,5,0,18,Choice of court :Right,,,Iran
Republic of Korea,Iran,16,26,36,34,17,11,13,6,8,4,0,1,0,0,18,Choice of court :Right,,,Iran
U Mumba,Jaipur Pink Panthers,29,28,41,40,18,19,7,8,12,13,,,,,3,Choice of court :Left,,,U Mumba
India Women,Indonesia Women,54,22,34,33,19,30,7,24,6,13,0,0,0,3,173,Choice of court :Right,,,India Women
India Women,Chinese Taipei Women,27,14,32,31,9,17,3,13,4,8,0,0,0,2,181,Choice of court :Left,,,India Women
India Women,Iran Women,24,27,34,34,18,20,12,10,10,6,1,0,0,0,173,Choice of court :Right,,,Iran Women
Tamil Thalaivas,Patna Pirates,42,26,40,40,29,23,19,21,2,10,1,0,1,0,6,Choice of court :Right,29,Tamil Thalaivas,Tamil Thalaivas
Puneri Paltan,U Mumba,32,32,44,43,28,24,18,15,10,10,0,1,1,0,7,Choice of court :Left,,,Match Tied
Puneri Paltan,Haryana Steelers,34,22,42,42,17,22,8,13,10,11,0,0,0,1,7,Choice of court :Left,,,Puneri Paltan
Tamil Thalaivas,U.P. Yoddha,32,37,44,45,18,24,13,14,11,5,0,0,0,0,30,Choice of court :Right,29,Tamil Thalaivas,U.P. Yoddha
Dabang Delhi K.C.,Gujarat Fortunegiants,32,32,45,45,22,23,12,14,11,11,0,0,0,2,2,Choice of court :Left,,,Match Tied
Bengaluru Bulls,Bengal Warriors,33,25,42,44,17,23,7,15,10,12,,,,,1,Choice of court :Right,,,Bengaluru Bulls
Tamil Thalaivas,Telugu Titans,28,33,44,43,24,26,14,12,14,10,0,0,1,0,8,Choice of court :Right,29,Tamil Thalaivas,Telugu Titans
U Mumba,Jaipur Pink Panthers,39,32,43,43,20,25,11,16,10,11,0,1,1,2,3,Choice of court :Right,,,U Mumba
Tamil Thalaivas,Bengaluru Bulls,37,48,44,44,30,30,25,20,11,5,0,3,0,2,1,Choice of court :Right,29,Tamil Thalaivas,Bengaluru Bulls
Jaipur Pink Panthers,Dabang Delhi K.C.,29,40,42,43,29,20,22,14,7,7,0,1,0,2,2,Choice of court :Right,,,Dabang Delhi K.C.
Tamil Thalaivas,Bengal Warriors,27,36,41,41,23,22,17,12,11,6,0,1,2,0,4,Choice of court :Right,29,Tamil Thalaivas,Bengal Warriors
Bengaluru Bulls,U.P. Yoddha,37,27,41,40,17,28,5,16,13,12,0,0,1,0,1,Choice of court :Right,1,Bengaluru Bulls,Bengaluru Bulls
Haryana Steelers,Gujarat Fortunegiants,32,25,44,44,25,21,11,12,9,17,0,0,0,0,28,Choice of court :Left,28,Haryana Steelers,Haryana Steelers
Patna Pirates,U.P. Yoddha,43,37,43,44,25,28,19,22,6,6,2,2,2,0,6,Choice of court :Left,,,Patna Pirates
Puneri Paltan,Dabang Delhi K.C.,37,41,45,45,25,24,17,14,11,10,0,0,1,0,7,Choice of court :Left,,,Dabang Delhi K.C.
Haryana Steelers,U Mumba,26,53,45,45,28,22,24,7,16,4,0,1,1,0,28,Choice of court :Left,28,Haryana Steelers,U Mumba
Telugu Titans,Dabang Delhi,36,27,39,39,21,26,11,20,7,10,,,,,8,Choice of court :Right,,,Telugu Titans
Telugu Titans,U.P. Yoddha,34,29,45,44,23,19,9,9,12,14,1,0,1,1,8,Choice of court :Left,,,Telugu Titans
Haryana Steelers,Puneri Paltan,27,45,46,46,20,28,16,12,17,4,1,0,0,0,28,Choice of court :Left,28,Haryana Steelers,Puneri Paltan
Bengal Warriors,Telugu Titans,30,25,42,42,11,20,4,10,10,11,0,0,1,3,8,Choice of court :Right,,,Bengal Warriors
Haryana Steelers,Jaipur Pink Panthers,33,36,40,41,26,24,20,16,9,6,1,1,1,3,3,Choice of court :Right,28,Haryana Steelers,Jaipur Pink Panthers
Bengaluru Bulls,Tamil Thalaivas,44,35,44,43,27,25,15,18,8,14,2,0,0,3,29,Choice of court :Right,,,Bengaluru Bulls
Haryana Steelers,U Mumba,32,42,44,45,30,26,23,16,10,7,2,1,2,1,28,Choice of court :Left,28,Haryana Steelers,U Mumba
Haryana Steelers,Dabang Delhi K.C.,34,31,43,43,25,21,14,14,7,12,2,0,1,3,2,Choice of court :Right,28,Haryana Steelers,Haryana Steelers
Puneri Paltan,Gujarat Fortunegiants,28,34,46,45,20,23,15,13,11,7,1,1,3,1,7,Choice of court :Right,7,Puneri Paltan,Gujarat Fortunegiants
Patna Pirates,Telugu Titans,31,35,45,45,19,26,11,13,13,9,0,0,0,2,8,Choice of court :Left,,,Telugu Titans
Puneri Paltan,Jaipur Pink Panthers,29,25,47,47,21,18,9,5,13,14,0,0,6,1,7,Choice of court :Right,7,Puneri Paltan,Puneri Paltan
U Mumba,Bengaluru Bulls,36,23,42,42,23,25,13,18,7,10,,,,,1,Choice of court :Left,,,U Mumba
U.P. Yoddha,Bengal Warriors,40,40,44,43,25,26,17,14,12,9,1,0,0,0,30,Choice of court :Right,,,Match Tied
Puneri Paltan,U Mumba,33,32,44,44,23,19,17,12,7,8,1,1,3,1,5,Choice of court :Left,7,Puneri Paltan,Puneri Paltan
Dabang Delhi K.C.,Bengal Warriors,39,30,43,43,27,17,17,15,3,12,0,0,1,0,2,Choice of court :Right,,,Dabang Delhi K.C.
Puneri Paltan,Bengaluru Bulls,27,25,40,41,21,14,12,6,8,10,0,0,1,2,1,Choice of court :Left,7,Puneri Paltan,Puneri Paltan
U Mumba,Telugu Titans,41,20,41,41,20,24,8,19,5,13,1,0,0,1,5,Choice of court :Right,,,U Mumba
Puneri Paltan,Tamil Thalaivas,31,36,42,43,26,20,20,11,9,7,0,0,1,0,7,Choice of court :Right,7,Puneri Paltan,Tamil Thalaivas
Bengaluru Bulls,Haryana Steelers,42,34,40,41,21,32,14,28,4,7,2,0,0,0,28,Choice of court :Left,,,Bengaluru Bulls
Puneri Paltan,U.P. Yoddha,23,29,43,43,19,21,14,13,9,5,0,0,0,2,7,Choice of court :Right,7,Puneri Paltan,U.P. Yoddha
Patna Pirates,Jaipur Pink Panthers,41,30,39,40,29,28,16,21,7,13,2,2,1,1,3,Choice of court :Left,6,Patna Pirates,Patna Pirates
Gujarat Fortunegiants,Tamil Thalaivas,36,25,39,38,27,21,14,14,7,13,0,0,0,0,29,Choice of court :Left,,,Gujarat Fortunegiants
Puneri Paltan,Telugu Titans,24,45,43,41,29,23,22,12,12,7,,,,,7,Choice of court :Right,,,Telugu Titans
Jaipur Pink Panthers,Bengal Warriors,28,39,37,37,26,25,20,15,10,7,0,2,1,2,4,Choice of court :Left,,,Bengal Warriors
Patna Pirates,U Mumba,39,40,44,43,24,32,17,22,10,9,1,0,1,2,5,Choice of court :Left,6,Patna Pirates,U Mumba
Dabang Delhi K.C.,U.P. Yoddha,36,38,39,39,28,19,20,12,7,8,0,1,0,2,30,Choice of court :Left,,,U.P. Yoddha
Patna Pirates,Haryana Steelers,32,43,43,44,24,29,16,17,12,8,0,1,0,3,28,Choice of court :Left,6,Patna Pirates,Haryana Steelers
Puneri Paltan,Gujarat Fortunegiants,27,37,40,40,27,23,17,11,13,10,0,1,3,0,7,Choice of court :Right,,,Gujarat Fortunegiants
Patna Pirates,Telugu Titans,32,53,46,45,25,30,19,14,18,6,0,2,0,3,8,Choice of court :Right,6,Patna Pirates,Telugu Titans
Dabang Delhi K.C.,Puneri Paltan,27,31,38,39,17,22,8,10,16,10,1,1,0,0,7,Choice of court :Left,,,Puneri Paltan
Patna Pirates,Bengaluru Bulls,41,43,41,42,29,24,18,15,10,12,1,3,2,2,1,Choice of court :Left,6,Patna Pirates,Bengaluru Bulls
Patna Pirates,Bengal Warriors,29,27,42,42,23,19,13,12,7,10,0,0,0,0,4,Choice of court :Left,6,Patna Pirates,Patna Pirates
U.P. Yoddha,Tamil Thalaivas,24,46,42,42,25,28,18,9,19,7,0,1,2,0,29,Choice of court :Right,30,U.P. Yoddha,Tamil Thalaivas
U Mumba,Patna Pirates,25,20,39,39,20,21,13,16,6,7,,,,,6,Choice of court :Left,,,U Mumba
Jaipur Pink Panthers,Gujarat Fortunegiants,25,36,44,44,20,19,12,6,15,10,0,0,3,2,31,Choice of court :Right,,,Gujarat Fortunegiants
U Mumba,Puneri Paltan,31,22,40,39,18,18,4,11,8,14,0,0,0,5,5,Choice of court :Left,,,U Mumba
U.P. Yoddha,Bengaluru Bulls,29,35,41,40,25,19,14,9,10,12,0,1,1,2,30,Choice of court :Left,30,U.P. Yoddha,Bengaluru Bulls
Dabang Delhi K.C.,Gujarat Fortunegiants,38,45,44,43,23,32,17,22,11,7,0,1,0,3,2,Choice of court :Left,,,Gujarat Fortunegiants
U.P. Yoddha,Bengal Warriors,30,30,41,41,22,24,14,17,7,9,0,1,0,0,30,Choice of court :Left,30,U.P. Yoddha,Match Tied
Jaipur Pink Panthers,Haryana Steelers,38,32,42,41,24,21,12,14,7,12,0,1,0,0,28,Choice of court :Right,,,Jaipur Pink Panthers
U.P. Yoddha,Telugu Titans,26,26,44,44,23,15,10,6,9,13,0,0,0,2,8,Choice of court :Left,30,U.P. Yoddha,Match Tied
U.P. Yoddha,Patna Pirates,41,43,44,43,20,29,13,19,11,8,1,0,0,1,30,Choice of court :Left,30,U.P. Yoddha,Patna Pirates
Haryana Steelers,Dabang Delhi K.C.,33,39,42,42,27,25,18,14,11,9,0,1,0,1,28,Choice of court :Left,,,Dabang Delhi K.C.
U.P. Yoddha,Bengaluru Bulls,27,37,43,43,27,21,16,9,13,11,0,0,1,0,30,Choice of court :Left,30,U.P. Yoddha,Bengaluru Bulls
U Mumba,Puneri Paltan,28,21,38,38,21,14,14,11,3,7,,,,,7,Choice of court :Left,,,U Mumba
U Mumba,Jaipur Pink Panthers,48,24,43,43,25,29,10,23,6,15,0,1,0,1,5,Choice of court :Left,5,U Mumba,U Mumba
Bengal Warriors,Telugu Titans,30,25,45,46,22,17,9,9,8,13,0,0,1,3,8,Choice of court :Right,,,Bengal Warriors
Patna Pirates,Bengal Warriors,50,30,43,43,29,29,15,19,10,14,0,0,1,0,6,Choice of court :Left,,,Patna Pirates
U Mumba,Gujarat Fortunegiants,36,38,43,43,32,22,19,13,10,14,0,1,1,1,5,Choice of court :Left,5,U Mumba,Gujarat Fortunegiants
U Mumba,Haryana Steelers,31,35,44,44,27,27,17,15,12,10,1,0,0,0,5,Choice of court :Left,5,U Mumba,Haryana Steelers
Puneri Paltan,Telugu Titans,25,28,41,42,19,16,13,6,10,7,0,0,3,0,8,Choice of court :Right,,,Telugu Titans
U Mumba,U.P. Yoddha,41,24,42,42,24,23,7,14,9,17,1,0,1,4,30,Choice of court :Right,5,U Mumba,U Mumba
Tamil Thalaivas,Haryana Steelers,32,32,42,41,25,19,14,10,10,12,0,0,0,0,29,Choice of court :Left,,,Match Tied
U Mumba,Bengaluru Bulls,32,29,41,40,28,18,17,14,6,13,0,2,0,0,1,Choice of court :Right,5,U Mumba,U Mumba
Patna Pirates,Dabang Delhi K.C.,38,35,41,41,28,30,19,21,9,10,2,0,0,0,6,Choice of court :Left,,,Patna Pirates
Bengal Warriors,Jaipur Pink Panthers,28,26,38,39,24,17,14,11,8,11,,,,,3,Choice of court :Left,,,Bengal Warriors
U Mumba,Tamil Thalaivas,36,22,39,38,27,18,11,13,6,17,0,0,1,0,29,Choice of court :Right,5,U Mumba,U Mumba
Gujarat Fortunegiants,Bengal Warriors,35,23,38,39,18,22,8,17,5,12,0,0,0,3,4,Choice of court :Right,31,Gujarat Fortunegiants,Gujarat Fortunegiants
Jaipur Pink Panthers,U.P. Yoddha,45,28,50,49,26,26,7,19,9,19,0,0,0,5,3,Choice of court :Left,,,Jaipur Pink Panthers
Puneri Paltan,Bengal Warriors,22,26,44,44,18,18,12,9,10,8,0,0,0,1,4,Choice of court :Right,,,Bengal Warriors
Gujarat Fortunegiants,Bengaluru Bulls,30,30,43,43,23,24,17,15,9,7,0,0,0,1,31,Choice of court :Left,31,Gujarat Fortunegiants,Match Tied
Jaipur Pink Panthers,Bengaluru Bulls,32,45,39,38,34,24,25,15,9,9,0,2,0,0,3,Choice of court :Left,,,Bengaluru Bulls
Gujarat Fortunegiants,U.P. Yoddha,37,32,42,42,23,23,11,14,9,13,0,1,0,2,30,Choice of court :Right,31,Gujarat Fortunegiants,Gujarat Fortunegiants
Tamil Thalaivas,Telugu Titans,27,23,42,41,17,18,9,11,7,9,1,0,1,0,29,Choice of court :Left,,,Tamil Thalaivas
Gujarat Fortunegiants,Dabang Delhi K.C.,26,29,40,40,20,22,10,10,13,10,0,0,2,1,2,Choice of court :Right,31,Gujarat Fortunegiants,Dabang Delhi K.C.
Patna Pirates,Tamil Thalaivas,45,27,41,40,24,24,14,20,4,10,0,0,0,0,29,Choice of court :Left,,,Patna Pirates
U Mumba,Patna Pirates,35,32,41,41,23,23,14,17,6,9,,,,,5,Choice of court :Right,5,U Mumba,U Mumba
Bengaluru Bulls,Patna Pirates,31,26,42,41,23,20,11,12,8,12,,,,,6,Choice of court :Left,,,Bengaluru Bulls
Gujarat Fortunegiants,U Mumba,39,35,44,44,26,25,16,16,10,10,0,2,2,1,31,Choice of court :Left,31,Gujarat Fortunegiants,Gujarat Fortunegiants
Gujarat Fortunegiants,Haryana Steelers,40,31,44,43,26,24,11,19,8,15,1,1,0,3,28,Choice of court :Right,31,Gujarat Fortunegiants,Gujarat Fortunegiants
Bengaluru Bulls,Bengal Warriors,31,33,43,43,21,26,18,19,7,4,1,2,0,0,4,Choice of court :Left,1,Bengaluru Bulls,Bengal Warriors
Jaipur Pink Panthers,Puneri Paltan,30,30,42,43,20,19,9,10,10,12,0,0,1,1,3,Choice of court :Right,,,Match Tied
U Mumba,Dabang Delhi K.C.,39,23,41,40,25,21,11,16,6,16,0,0,1,0,2,Choice of court :Left,,,U Mumba
Bengaluru Bulls,Tamil Thalaivas,36,22,43,43,22,26,9,18,8,14,0,0,0,1,29,Choice of court :Left,1,Bengaluru Bulls,Bengaluru Bulls
Bengaluru Bulls,Patna Pirates,32,35,40,41,22,28,15,19,10,8,0,0,0,1,1,Choice of court :Right,1,Bengaluru Bulls,Patna Pirates
Dabang Delhi K.C.,Haryana Steelers,27,34,39,40,20,22,11,9,13,11,0,0,0,0,28,Choice of court :Left,,,Haryana Steelers
Tamil Thalaivas,Telugu Titans,31,25,44,44,21,14,8,8,9,14,1,0,2,4,8,Choice of court :Left,,,Tamil Thalaivas
Haryana Steelers,Puneri Paltan,33,35,42,42,27,25,17,17,8,10,0,1,0,0,28,Choice of court :Right,,,Puneri Paltan
Bengal Warriors,Telugu Titans,30,32,41,40,25,21,18,14,8,8,,,,,8,Choice of court :Left,,,Telugu Titans
Bengaluru Bulls,Telugu Titans,34,26,44,44,22,23,9,12,11,13,0,0,0,1,8,Choice of court :Left,1,Bengaluru Bulls,Bengaluru Bulls
Puneri Paltan,Gujarat Fortunegiants,20,35,42,42,21,18,11,4,15,12,0,0,2,0,7,Choice of court :Right,,,Gujarat Fortunegiants
Bengaluru Bulls,Bengal Warriors,37,44,41,41,30,26,24,17,10,7,0,1,0,0,1,Choice of court :Right,1,Bengaluru Bulls,Bengal Warriors
Dabang Delhi K.C.,Jaipur Pink Panthers,48,35,43,43,27,32,18,28,4,10,1,1,0,0,2,Choice of court :Right,2,Dabang Delhi K.C.,Dabang Delhi K.C.
Tamil Thalaivas,Patna Pirates,35,35,44,43,22,26,16,19,8,6,0,0,2,0,29,Choice of court :Right,,,Match Tied
Dabang Delhi K.C.,U Mumba,34,41,41,41,25,25,18,15,10,8,0,3,1,0,2,Choice of court :Right,2,Dabang Delhi K.C.,U Mumba
U Mumba,Gujarat Fortunegiants,36,26,43,44,26,19,10,11,8,17,0,0,1,0,5,Choice of court :Right,,,U Mumba
Dabang Delhi K.C.,Puneri Paltan,35,24,45,44,22,22,11,15,7,11,1,1,2,0,2,Choice of court :Right,2,Dabang Delhi K.C.,Dabang Delhi K.C.
Patna Pirates,Gujarat Fortunegiants,27,45,43,43,30,25,19,8,17,11,0,2,2,0,6,Choice of court :Right,,,Gujarat Fortunegiants
Dabang Delhi K.C.,Telugu Titans,34,29,40,40,20,21,13,15,6,9,0,0,2,0,2,Choice of court :Right,2,Dabang Delhi K.C.,Dabang Delhi K.C.
Dabang Delhi,Puneri Paltan,38,37,40,41,28,22,22,18,6,9,,,,,7,Choice of court :Left,,,Dabang Delhi
Haryana Steelers,Bengal Warriors,35,33,41,42,29,19,20,14,6,9,0,1,1,1,28,Choice of court :Right,,,Haryana Steelers
Dabang Delhi K.C.,Bengaluru Bulls,32,31,41,40,20,21,11,16,6,9,1,0,1,0,1,Choice of court :Left,2,Dabang Delhi K.C.,Dabang Delhi K.C.
U.P. Yoddha,Haryana Steelers,30,29,40,40,24,20,15,15,6,9,0,2,0,0,30,Choice of court :Right,,,U.P. Yoddha
Dabang Delhi K.C.,Tamil Thalaivas,37,33,38,37,26,17,17,13,7,10,0,0,1,0,29,Choice of court :Left,2,Dabang Delhi K.C.,Dabang Delhi K.C.
Telugu Titans,Gujarat Fortunegiants,27,29,44,43,23,18,17,13,7,8,1,0,0,0,8,Choice of court :Right,8,Telugu Titans,Gujarat Fortunegiants
Patna Pirates,Puneri Paltan,53,36,42,42,28,36,17,31,6,12,1,1,1,2,6,Choice of court :Right,,,Patna Pirates
U Mumba,Bengal Warriors,31,20,43,43,19,18,8,10,9,11,0,0,2,0,4,Choice of court :Left,,,U Mumba
Telugu Titans,Jaipur Pink Panthers,36,26,41,41,22,22,12,16,6,10,1,0,0,1,3,Choice of court :Left,8,Telugu Titans,Telugu Titans
Tamil Thalaivas,Jaipur Pink Panthers,24,37,42,43,24,24,17,10,14,8,0,1,0,1,29,Choice of court :Right,,,Jaipur Pink Panthers
Telugu Titans,Haryana Steelers,35,31,45,44,23,18,14,11,7,9,1,0,6,0,8,Choice of court :Right,8,Telugu Titans,Telugu Titans
Bengal Warriors,U Mumba,25,29,40,40,22,20,10,8,13,12,,,,,4,Choice of court :Right,,,U Mumba
Dabang Delhi K.C.,U Mumba,19,44,41,41,26,22,19,7,15,7,1,1,1,0,2,Choice of court :Right,,,U Mumba
Telugu Titans,U.P. Yoddha,20,27,44,44,20,18,12,7,12,8,0,0,1,0,8,Choice of court :Right,8,Telugu Titans,U.P. Yoddha
Haryana Steelers,Gujarat Fortunegiants,37,47,44,45,33,31,26,20,11,7,1,1,1,1,28,Choice of court :Right,,,Gujarat Fortunegiants
Telugu Titans,Bengaluru Bulls,24,37,43,44,23,20,15,7,14,8,0,0,0,0,1,Choice of court :Left,8,Telugu Titans,Bengaluru Bulls
Telugu Titans,Patna Pirates,41,36,47,47,30,25,16,18,7,14,1,0,0,3,6,Choice of court :Left,8,Telugu Titans,Telugu Titans
Jaipur Pink Panthers,Puneri Paltan,36,23,43,42,25,23,10,14,9,15,0,0,2,0,7,Choice of court :Left,3,Jaipur Pink Panthers,Jaipur Pink Panthers
Bengal Warriors,Tamil Thalaivas,28,21,44,44,19,20,9,11,9,10,1,0,0,1,4,Choice of court :Right,,,Bengal Warriors
U.P. Yoddha,Tamil Thalaivas,25,25,44,44,18,17,12,10,9,8,0,0,0,1,30,Choice of court :Right,,,Match Tied
Jaipur Pink Panthers,U Mumba,35,35,45,45,26,27,17,17,11,9,1,0,1,0,5,Choice of court :Left,3,Jaipur Pink Panthers,Match Tied
Patna Pirates,U.P. Yoddha,31,47,46,45,27,27,19,14,14,8,1,1,1,0,30,Choice of court :Left,,,U.P. Yoddha
Bengaluru Bulls,Puneri Paltan,31,26,42,43,18,17,11,11,7,9,,,,,1,Choice of court :Right,,,Bengaluru Bulls
Jaipur Pink Panthers,Gujarat Fortunegiants,29,34,46,47,21,25,14,13,12,9,1,1,2,1,31,Choice of court :Left,3,Jaipur Pink Panthers,Gujarat Fortunegiants
Bengaluru Bulls,Telugu Titans,44,28,41,40,22,28,11,21,7,13,0,1,1,2,8,Choice of court :Left,,,Bengaluru Bulls
Jaipur Pink Panthers,Haryana Steelers,39,30,47,47,21,28,10,19,9,12,1,0,0,0,28,Choice of court :Left,3,Jaipur Pink Panthers,Jaipur Pink Panthers
Patna Pirates,Bengaluru Bulls,40,40,42,42,21,31,14,21,11,7,1,1,0,1,1,Choice of court :Left,,,Match Tied
Jaipur Pink Panthers,Gujarat Fortunegiants,31,33,43,44,25,21,18,13,8,8,1,0,1,0,31,Choice of court :Left,3,Jaipur Pink Panthers,Gujarat Fortunegiants
Jaipur Pink Panthers,Dabang Delhi K.C.,37,37,43,44,25,26,19,19,7,7,2,1,3,2,2,Choice of court :Left,3,Jaipur Pink Panthers,Match Tied
Puneri Paltan,Telugu Titans,35,20,43,44,24,15,10,11,4,15,0,0,2,1,8,Choice of court :Left,,,Puneri Paltan
U Mumba,U.P. Yoddha,32,34,41,41,25,28,15,16,12,10,1,0,2,1,5,Choice of court :Right,,,U.P. Yoddha
Bengal Warriors,Patna Pirates,39,23,41,40,27,21,13,15,6,14,0,0,1,0,6,Choice of court :Left,4,Bengal Warriors,Bengal Warriors
Bengal Warriors,Dabang Delhi K.C.,31,37,41,41,22,20,15,14,7,8,1,0,2,0,2,Choice of court :Left,4,Bengal Warriors,Dabang Delhi K.C.
Bengal Warriors,Dabang Delhi,21,32,40,41,20,17,10,4,15,12,,,,,4,Choice of court :Right,,,Dabang Delhi
Bengal Warriors,Tamil Thalaivas,27,24,44,43,23,19,15,13,6,8,1,1,2,0,29,Choice of court :Left,4,Bengal Warriors,Bengal Warriors
Haryana Steelers,Tamil Thalaivas,40,40,43,43,30,30,23,22,10,7,0,2,1,0,28,Choice of court :Right,,,Match Tied
Bengal Warriors,Telugu Titans,39,34,44,43,24,29,17,22,7,9,2,1,1,3,8,Choice of court :Left,4,Bengal Warriors,Bengal Warriors
Gujarat Fortunegiants,Patna Pirates,37,29,40,39,25,18,14,12,7,12,0,0,3,0,6,Choice of court :Left,,,Gujarat Fortunegiants
Bengal Warriors,Bengaluru Bulls,37,31,39,39,23,25,16,19,7,7,1,0,0,0,1,Choice of court :Left,4,Bengal Warriors,Bengal Warriors
Jaipur Pink Panthers,Bengaluru Bulls,32,40,45,45,27,22,19,12,10,8,0,1,1,0,1,Choice of court :Left,,,Bengaluru Bulls
Bengal Warriors,U.P. Yoddha,25,41,40,40,23,24,17,12,12,6,0,1,1,2,4,Choice of court :Right,4,Bengal Warriors,U.P. Yoddha
U Mumba,U.P. Yoddha,29,34,43,44,20,29,9,12,17,11,0,0,0,1,30,Choice of court :Right,,,U.P. Yoddha
Dabang Delhi K.C.,Bengal Warriors,39,28,42,41,23,23,13,17,7,11,0,1,1,0,2,Choice of court :Right,,,Dabang Delhi K.C.
Gujarat Fortunegiants,Bengaluru Bulls,29,41,42,43,25,29,19,16,14,6,0,1,0,0,31,Choice of court :Right,,,Bengaluru Bulls
Jaipur Pink Panthers,Patna Pirates,23,29,40,40,20,23,14,12,12,7,,,,,3,Choice of court :Left,,,Patna Pirates
U.P. Yoddha,Dabang Delhi K.C.,45,33,39,39,23,24,14,20,5,12,2,1,1,0,2,Choice of court :Left,,,U.P. Yoddha
Gujarat Fortunegiants,U.P. Yoddha,38,31,44,44,23,25,13,17,9,12,0,0,0,2,30,Choice of court :Right,,,Gujarat Fortunegiants
Bengaluru Bulls,Gujarat Fortunegiants,38,33,44,44,24,30,17,22,9,7,0,1,0,0,1,Choice of court :Left,,,Bengaluru Bulls
Tamil Thalaivas,Telugu Titans,37,58,48,49,31,28,28,18,12,4,1,2,0,1,29,Choice of court :Left,29,Tamil Thalaivas,Telugu Titans
Telugu Titans,U Mumba,26,27,41,41,23,21,13,10,11,10,,,,,8,Choice of court :Left,,,U Mumba
Dabang Delhi,Bengaluru Bulls,18,33,41,40,20,21,13,9,13,8,,,,,1,Choice of court :Right,,,Bengaluru Bulls
Jaipur Pink Panthers,Telugu Titans,22,33,42,42,22,22,18,11,11,6,,,,,8,Choice of court :Right,,,Telugu Titans
Bengaluru Bulls,Bengal Warriors,46,30,43,43,26,31,11,24,7,15,,,,,4,Choice of court :Right,4,Bengal Warriors,Bengaluru Bulls
Jaipur Pink Panthers,Bengaluru Bulls,36,23,42,42,21,21,7,13,10,15,,,,,1,Choice of court :Right,,,Jaipur Pink Panthers
Puneri Paltan,Bengal Warriors,33,29,42,42,23,19,13,12,11,13,,,,,7,Choice of court :Left,,,Puneri Paltan
Jaipur Pink Panthers,Dabang Delhi,27,35,42,42,20,25,13,8,17,7,,,,,2,Choice of court :Right,,,Dabang Delhi
Patna Pirates,Telugu Titans,22,34,42,42,26,18,17,7,11,9,,,,,8,Choice of court :Left,,,Telugu Titans
Telugu Titans,Bengaluru Bulls,21,35,42,41,17,23,11,11,15,6,,,,,8,Choice of court :Right,,,Bengaluru Bulls
Patna Pirates,Dabang Delhi,39,22,44,43,25,19,10,14,5,16,,,,,2,Choice of court :Left,,,Patna Pirates
Dabang Delhi,U Mumba,22,27,40,42,21,19,11,8,11,10,,,,,2,Choice of court :Right,,,U Mumba
Patna Pirates,Puneri Paltan,32,28,43,43,25,19,14,12,8,12,,,,,7,Choice of court :Left,,,Patna Pirates
Puneri Paltan,Jaipur Pink Panthers,29,35,41,41,22,25,16,16,11,7,,,,,7,Choice of court :Right,,,Jaipur Pink Panthers
Patna Pirates,Bengal Warriors,20,20,43,43,18,14,8,7,8,11,,,,,6,Choice of court :Right,,,Match Tied
Jaipur Pink Panthers,Telugu Titans,46,31,44,44,32,25,20,22,3,12,,,,,8,Choice of court :Left,,,Jaipur Pink Panthers
Telugu Titans,Jaipur Pink Panthers,39,39,45,46,31,28,21,22,8,10,,,,,3,Choice of court :Left,,,Match Tied
U Mumba,Dabang Delhi,29,25,43,43,21,21,9,10,11,13,,,,,2,Choice of court :Left,,,U Mumba
Telugu Titans,Bengal Warriors,44,28,47,47,35,20,19,17,4,17,,,,,4,Choice of court :Left,,,Telugu Titans
Bengal Warriors,Bengaluru Bulls,22,33,46,46,25,16,17,6,11,9,,,,,1,Choice of court :Left,,,Bengaluru Bulls
Telugu Titans,Patna Pirates,54,32,46,46,29,32,15,27,6,16,,,,,8,Choice of court :Right,,,Telugu Titans
Jaipur Pink Panthers,U Mumba,35,25,44,45,21,23,8,10,13,15,,,,,5,Choice of court :Left,,,Jaipur Pink Panthers
Telugu Titans,Puneri Paltan,29,29,45,44,23,26,14,16,10,9,,,,,7,Choice of court :Left,,,Match Tied
Dabang Delhi,Bengal Warriors,17,20,42,41,15,17,7,7,10,8,,,,,4,Choice of court :Left,,,Bengal Warriors
Patna Pirates,Bengaluru Bulls,30,28,42,43,27,12,14,7,9,14,,,,,6,Choice of court :Right,,,Patna Pirates
U Mumba,Bengal Warriors,31,17,41,41,16,20,8,15,5,11,,,,,5,Choice of court :Right,,,U Mumba
